{"type":"FeatureCollection","features":[{"type":"Feature","properties":{"name":"Venezuela"},"geometry":{"type":"MultiPolygon","coordinates":[[[[-60.82,9.14],[-60.94,9.11],[-60.94,9.13],[-60.91,9.18],[-60.85,9.19],[-60.82,9.21],[-60.78,9.22],[-60.76,9.22],[-60.73,9.2],[-60.79,9.18],[-60.82,9.14]]],[[[-63.85,11.13],[-63.82,11.0],[-63.83,10.98],[-63.92,10.89],[-63.99,10.88],[-64.05,10.88],[-64.1,10.9],[-64.16,10.96],[-64.22,10.94],[-64.36,10.96],[-64.4,10.98],[-64.35,11.05],[-64.25,11.08],[-64.21,11.09],[-64.18,11.04],[-64.11,11.01],[-64.03,11.0],[-64.01,11.07],[-63.89,11.17],[-63.85,11.13]]],[[[-65.21,10.91],[-65.27,10.88],[-65.36,10.91],[-65.41,10.94],[-65.38,10.97],[-65.3,10.97],[-65.23,10.93],[-65.21,10.91]]],[[[-61.0,8.87],[-61.06,8.85],[-61.07,8.95],[-61.05,8.97],[-60.94,9.06],[-60.91,9.07],[-60.89,9.05],[-60.9,9.03],[-60.85,8.99],[-60.86,8.95],[-60.92,8.9],[-61.0,8.87]]],[[[-60.02,8.55],[-59.83,8.31],[-59.83,8.28],[-59.85,8.25],[-59.96,8.19],[-59.99,8.16],[-60.03,8.05],[-60.18,7.99],[-60.28,7.92],[-60.35,7.85],[-60.38,7.83],[-60.51,7.81],[-60.56,7.77],[-60.61,7.65],[-60.65,7.6],[-60.72,7.54],[-60.72,7.5],[-60.62,7.36],[-60.6,7.32],[-60.64,7.26],[-60.63,7.21],[-60.58,7.16],[-60.52,7.14],[-60.46,7.17],[-60.39,7.17],[-60.35,7.15],[-60.32,7.13],[-60.32,7.09],[-60.35,7.0],[-60.4,6.94],[-60.59,6.86],[-60.67,6.81],[-60.72,6.77],[-60.82,6.79],[-60.87,6.79],[-60.91,6.76],[-60.94,6.73],[-61.01,6.73],[-61.11,6.71],[-61.14,6.69],[-61.18,6.65],[-61.2,6.59],[-61.18,6.51],[-61.15,6.45],[-61.15,6.39],[-61.13,6.21],[-61.16,6.17],[-61.22,6.13],[-61.3,6.05],[-61.39,5.94],[-61.38,5.91],[-61.17,5.67],[-60.95,5.44],[-60.74,5.2],[-60.71,5.19],[-60.67,5.16],[-60.63,5.08],[-60.6,5.0],[-60.6,4.95],[-60.63,4.89],[-60.68,4.83],[-60.74,4.77],[-60.83,4.73],[-60.91,4.69],[-60.96,4.57],[-61.0,4.54],[-61.04,4.52],[-61.1,4.5],[-61.21,4.51],[-61.28,4.52],[-61.37,4.43],[-61.48,4.4],[-61.56,4.29],[-61.82,4.2],[-62.08,4.13],[-62.15,4.1],[-62.41,4.16],[-62.47,4.14],[-62.55,4.08],[-62.61,4.04],[-62.66,4.04],[-62.71,4.02],[-62.74,3.94],[-62.76,3.67],[-62.86,3.59],[-62.97,3.59],[-63.05,3.69],[-63.14,3.76],[-63.29,3.92],[-63.34,3.94],[-63.38,3.94],[-63.53,3.89],[-63.6,3.92],[-63.65,3.94],[-63.75,3.93],[-63.91,3.93],[-64.02,3.93],[-64.07,3.97],[-64.12,4.07],[-64.15,4.1],[-64.19,4.13],[-64.26,4.14],[-64.53,4.14],[-64.58,4.14],[-64.62,4.16],[-64.67,4.24],[-64.72,4.27],[-64.79,4.28],[-64.82,4.23],[-64.7,4.09],[-64.67,4.01],[-64.57,3.9],[-64.28,3.66],[-64.22,3.59],[-64.23,3.49],[-64.23,3.34],[-64.22,3.21],[-64.14,3.01],[-64.04,2.8],[-64.01,2.67],[-64.03,2.58],[-64.05,2.52],[-64.05,2.5],[-64.02,2.48],[-63.92,2.45],[-63.71,2.43],[-63.59,2.43],[-63.39,2.41],[-63.37,2.34],[-63.39,2.22],[-63.43,2.16],[-63.46,2.14],[-63.57,2.12],[-63.68,2.05],[-63.84,1.98],[-63.94,1.97],[-63.97,1.95],[-64.01,1.93],[-64.04,1.91],[-64.07,1.77],[-64.11,1.62],[-64.2,1.53],[-64.31,1.46],[-64.41,1.45],[-64.49,1.45],[-64.53,1.43],[-64.58,1.37],[-64.67,1.29],[-64.73,1.25],[-64.82,1.26],[-64.91,1.22],[-65.03,1.16],[-65.1,1.11],[-65.17,1.02],[-65.26,0.93],[-65.36,0.87],[-65.41,0.79],[-65.47,0.69],[-65.55,0.69],[-65.56,0.75],[-65.52,0.84],[-65.57,0.93],[-65.64,0.97],[-65.68,0.98],[-65.72,0.98],[-65.81,0.94],[-65.93,0.86],[-66.0,0.81],[-66.06,0.79],[-66.19,0.76],[-66.3,0.75],[-66.35,0.77],[-66.43,0.82],[-66.62,0.99],[-66.88,1.22],[-66.89,1.29],[-66.88,1.36],[-66.93,1.46],[-66.96,1.56],[-66.98,1.6],[-66.99,1.68],[-67.05,1.82],[-67.09,1.94],[-67.13,2.0],[-67.11,2.05],[-67.13,2.1],[-67.16,2.14],[-67.21,2.27],[-67.2,2.33],[-67.21,2.39],[-67.25,2.43],[-67.31,2.47],[-67.39,2.56],[-67.49,2.64],[-67.53,2.68],[-67.57,2.69],[-67.6,2.77],[-67.62,2.79],[-67.67,2.8],[-67.77,2.83],[-67.86,2.79],[-67.86,2.85],[-67.83,2.89],[-67.51,3.19],[-67.35,3.32],[-67.34,3.34],[-67.32,3.37],[-67.31,3.42],[-67.35,3.46],[-67.5,3.69],[-67.55,3.73],[-67.6,3.77],[-67.66,3.86],[-67.73,4.09],[-67.78,4.2],[-67.8,4.28],[-67.79,4.38],[-67.82,4.46],[-67.86,4.51],[-67.86,4.67],[-67.82,4.93],[-67.8,5.13],[-67.83,5.27],[-67.79,5.38],[-67.69,5.45],[-67.64,5.56],[-67.63,5.71],[-67.57,5.83],[-67.47,5.93],[-67.44,6.03],[-67.47,6.12],[-67.48,6.18],[-67.57,6.24],[-67.73,6.28],[-67.86,6.29],[-67.94,6.24],[-68.14,6.2],[-68.47,6.16],[-68.74,6.16],[-68.94,6.2],[-69.09,6.18],[-69.19,6.11],[-69.27,6.1],[-69.31,6.14],[-69.36,6.15],[-69.43,6.12],[-69.44,6.14],[-69.59,6.32],[-69.74,6.5],[-69.9,6.7],[-70.09,6.94],[-70.13,6.95],[-70.19,6.95],[-70.27,6.95],[-70.39,6.97],[-70.47,7.01],[-70.54,7.04],[-70.66,7.08],[-70.74,7.09],[-70.81,7.08],[-71.01,6.99],[-71.13,6.99],[-71.22,6.98],[-71.46,7.03],[-71.62,7.03],[-71.81,7.01],[-71.89,6.99],[-72.01,7.03],[-72.09,7.1],[-72.16,7.25],[-72.21,7.37],[-72.3,7.39],[-72.39,7.42],[-72.44,7.46],[-72.47,7.52],[-72.48,7.61],[-72.47,7.76],[-72.46,7.81],[-72.45,7.97],[-72.39,8.05],[-72.36,8.09],[-72.36,8.15],[-72.39,8.29],[-72.42,8.38],[-72.52,8.49],[-72.66,8.63],[-72.73,8.85],[-72.8,9.11],[-72.85,9.14],[-72.91,9.12],[-72.96,9.14],[-73.01,9.24],[-73.06,9.26],[-73.14,9.22],[-73.19,9.19],[-73.34,9.17],[-73.37,9.19],[-73.36,9.23],[-73.29,9.32],[-73.22,9.44],[-73.14,9.55],[-73.06,9.67],[-73.01,9.79],[-72.97,10.03],[-72.94,10.2],[-72.87,10.49],[-72.74,10.73],[-72.69,10.84],[-72.57,10.98],[-72.52,11.05],[-72.45,11.11],[-72.25,11.2],[-72.01,11.6],[-71.96,11.67],[-71.72,11.73],[-71.53,11.77],[-71.4,11.82],[-71.35,11.85],[-71.32,11.86],[-71.35,11.81],[-71.42,11.76],[-71.49,11.72],[-71.87,11.63],[-71.91,11.61],[-71.96,11.57],[-71.96,11.48],[-71.95,11.41],[-71.83,11.19],[-71.79,11.14],[-71.64,11.01],[-71.67,11.0],[-71.73,10.99],[-71.69,10.84],[-71.6,10.73],[-71.6,10.66],[-71.66,10.44],[-71.79,10.32],[-71.88,10.17],[-71.96,10.11],[-72.11,9.82],[-71.99,9.64],[-71.98,9.55],[-71.87,9.43],[-71.8,9.39],[-71.76,9.34],[-71.78,9.25],[-71.74,9.13],[-71.69,9.07],[-71.62,9.05],[-71.54,9.05],[-71.3,9.13],[-71.24,9.16],[-71.21,9.22],[-71.08,9.35],[-71.08,9.51],[-71.05,9.71],[-71.08,9.83],[-71.21,10.01],[-71.26,10.14],[-71.39,10.26],[-71.46,10.47],[-71.49,10.53],[-71.52,10.62],[-71.55,10.78],[-71.46,10.84],[-71.47,10.96],[-71.26,11.0],[-70.82,11.21],[-70.54,11.26],[-70.23,11.37],[-70.16,11.43],[-70.1,11.52],[-70.05,11.53],[-69.89,11.44],[-69.81,11.47],[-69.77,11.54],[-69.82,11.67],[-69.91,11.67],[-70.19,11.62],[-70.22,11.68],[-70.22,11.73],[-70.29,11.89],[-70.25,12.0],[-70.2,12.1],[-70.12,12.14],[-70.0,12.18],[-69.91,12.11],[-69.86,12.05],[-69.83,12.0],[-69.81,11.84],[-69.76,11.68],[-69.71,11.56],[-69.63,11.48],[-69.57,11.49],[-69.53,11.5],[-69.23,11.52],[-69.05,11.46],[-68.83,11.43],[-68.61,11.31],[-68.4,11.16],[-68.34,11.05],[-68.32,10.95],[-68.27,10.88],[-68.32,10.81],[-68.3,10.69],[-68.23,10.57],[-68.14,10.49],[-67.87,10.47],[-67.58,10.52],[-67.13,10.57],[-66.99,10.61],[-66.25,10.63],[-66.11,10.57],[-66.09,10.52],[-66.09,10.47],[-65.85,10.26],[-65.66,10.23],[-65.49,10.16],[-65.32,10.12],[-65.13,10.07],[-65.02,10.08],[-64.94,10.1],[-64.85,10.1],[-64.19,10.46],[-63.83,10.45],[-63.78,10.47],[-63.73,10.5],[-63.86,10.56],[-64.16,10.58],[-64.25,10.54],[-64.3,10.64],[-64.2,10.63],[-63.87,10.66],[-63.5,10.64],[-63.19,10.71],[-63.03,10.72],[-62.95,10.71],[-62.7,10.75],[-62.24,10.7],[-61.88,10.74],[-61.92,10.68],[-62.04,10.65],[-62.23,10.63],[-62.38,10.55],[-62.69,10.56],[-62.91,10.53],[-62.84,10.51],[-62.84,10.42],[-62.81,10.4],[-62.78,10.4],[-62.71,10.33],[-62.69,10.29],[-62.66,10.2],[-62.7,10.1],[-62.74,10.06],[-62.65,10.07],[-62.6,10.12],[-62.61,10.16],[-62.6,10.22],[-62.55,10.2],[-62.52,10.18],[-62.4,9.92],[-62.32,9.78],[-62.3,9.79],[-62.28,9.79],[-62.26,9.82],[-62.22,9.88],[-62.19,9.84],[-62.17,9.83],[-62.15,9.82],[-62.17,9.88],[-62.15,9.95],[-62.16,9.98],[-62.12,9.98],[-62.08,9.98],[-62.02,9.95],[-61.91,9.87],[-61.84,9.78],[-61.83,9.73],[-61.8,9.7],[-61.76,9.68],[-61.74,9.63],[-61.73,9.7],[-61.76,9.76],[-61.77,9.81],[-61.62,9.82],[-61.59,9.89],[-61.51,9.85],[-61.31,9.63],[-61.23,9.6],[-61.01,9.56],[-60.87,9.45],[-60.79,9.36],[-60.84,9.26],[-60.97,9.22],[-61.02,9.15],[-61.05,9.1],[-61.05,9.03],[-61.09,8.97],[-61.1,8.94],[-61.12,8.84],[-61.18,8.73],[-61.25,8.6],[-61.62,8.6],[-61.53,8.55],[-61.44,8.51],[-61.3,8.41],[-61.2,8.49],[-61.04,8.49],[-60.86,8.58],[-60.8,8.59],[-60.48,8.55],[-60.4,8.61],[-60.34,8.63],[-60.17,8.62],[-60.02,8.55]]]]}},{"type":"Feature","properties":{"name":"Uruguay"},"geometry":{"type":"Polygon","coordinates":[[[-53.37,-33.74],[-53.42,-33.78],[-53.47,-33.85],[-53.53,-34.02],[-53.74,-34.25],[-53.79,-34.38],[-54.01,-34.52],[-54.17,-34.67],[-54.27,-34.67],[-54.37,-34.73],[-54.9,-34.93],[-55.1,-34.89],[-55.24,-34.9],[-55.37,-34.81],[-55.67,-34.77],[-55.86,-34.81],[-56.12,-34.91],[-56.19,-34.91],[-56.25,-34.9],[-56.39,-34.86],[-56.46,-34.77],[-56.85,-34.68],[-57.17,-34.45],[-57.54,-34.45],[-57.83,-34.48],[-57.87,-34.45],[-57.9,-34.39],[-57.96,-34.31],[-58.21,-34.11],[-58.4,-33.91],[-58.44,-33.72],[-58.41,-33.51],[-58.35,-33.26],[-58.36,-33.18],[-58.29,-33.14],[-58.22,-33.13],[-58.15,-33.07],[-58.09,-32.97],[-58.08,-32.89],[-58.13,-32.76],[-58.16,-32.57],[-58.2,-32.47],[-58.12,-32.32],[-58.12,-32.25],[-58.16,-32.18],[-58.18,-32.12],[-58.16,-32.05],[-58.16,-31.99],[-58.19,-31.92],[-58.17,-31.87],[-58.1,-31.83],[-58.04,-31.77],[-58.01,-31.68],[-57.99,-31.62],[-57.99,-31.58],[-58.01,-31.53],[-58.05,-31.5],[-58.03,-31.42],[-57.95,-31.3],[-57.89,-31.2],[-57.87,-31.11],[-57.87,-31.03],[-57.9,-30.97],[-57.89,-30.94],[-57.83,-30.92],[-57.81,-30.86],[-57.82,-30.71],[-57.87,-30.59],[-57.83,-30.5],[-57.71,-30.38],[-57.65,-30.29],[-57.65,-30.23],[-57.61,-30.19],[-57.55,-30.26],[-57.38,-30.28],[-57.21,-30.28],[-57.19,-30.26],[-57.12,-30.15],[-57.03,-30.11],[-56.94,-30.1],[-56.83,-30.11],[-56.72,-30.19],[-56.41,-30.45],[-56.18,-30.63],[-56.1,-30.71],[-56.04,-30.78],[-56.0,-30.84],[-56.02,-30.99],[-56.01,-31.06],[-56.0,-31.08],[-55.95,-31.08],[-55.87,-31.07],[-55.81,-31.04],[-55.76,-30.99],[-55.71,-30.95],[-55.67,-30.92],[-55.65,-30.89],[-55.63,-30.86],[-55.6,-30.85],[-55.56,-30.88],[-55.45,-30.96],[-55.37,-31.05],[-55.35,-31.09],[-55.31,-31.14],[-55.28,-31.18],[-55.26,-31.22],[-55.17,-31.28],[-55.09,-31.31],[-55.04,-31.28],[-54.9,-31.39],[-54.59,-31.49],[-54.53,-31.54],[-54.48,-31.62],[-54.37,-31.75],[-54.22,-31.86],[-54.1,-31.9],[-53.98,-31.93],[-53.92,-31.95],[-53.88,-31.99],[-53.8,-32.04],[-53.76,-32.06],[-53.75,-32.1],[-53.7,-32.19],[-53.65,-32.3],[-53.6,-32.4],[-53.49,-32.5],[-53.36,-32.58],[-53.23,-32.63],[-53.16,-32.68],[-53.12,-32.74],[-53.21,-32.82],[-53.31,-32.93],[-53.39,-33.01],[-53.48,-33.07],[-53.51,-33.11],[-53.53,-33.17],[-53.53,-33.5],[-53.54,-33.62],[-53.53,-33.66],[-53.52,-33.68],[-53.46,-33.71],[-53.4,-33.74],[-53.37,-33.74]]]}},{"type":"Feature","properties":{"name":"U.S. Virgin Is."},"geometry":{"type":"MultiPolygon","coordinates":[[[[-64.85,18.33],[-64.92,18.32],[-65.02,18.37],[-64.94,18.38],[-64.89,18.37],[-64.85,18.33]]],[[[-64.66,18.35],[-64.73,18.33],[-64.77,18.33],[-64.79,18.34],[-64.75,18.37],[-64.66,18.35]]],[[[-64.77,17.79],[-64.68,17.75],[-64.58,17.75],[-64.69,17.71],[-64.89,17.7],[-64.89,17.77],[-64.77,17.79]]]]}},{"type":"Feature","properties":{"name":"Puerto Rico"},"geometry":{"type":"MultiPolygon","coordinates":[[[[-66.13,18.45],[-66.1,18.42],[-66.07,18.43],[-66.09,18.47],[-66.07,18.47],[-65.88,18.44],[-65.76,18.4],[-65.63,18.38],[-65.62,18.24],[-65.72,18.19],[-65.78,18.13],[-65.84,18.06],[-65.97,17.98],[-66.13,17.95],[-66.25,17.95],[-66.29,17.95],[-66.33,17.96],[-66.41,17.95],[-66.51,17.99],[-66.6,17.98],[-66.77,17.99],[-66.84,17.95],[-66.9,17.95],[-66.96,17.95],[-67.01,17.97],[-67.14,17.97],[-67.2,17.99],[-67.17,18.15],[-67.17,18.22],[-67.2,18.28],[-67.24,18.32],[-67.26,18.36],[-67.21,18.39],[-67.17,18.44],[-67.16,18.5],[-67.11,18.52],[-67.06,18.52],[-66.81,18.49],[-66.19,18.48],[-66.15,18.47],[-66.13,18.45]]],[[[-65.43,18.11],[-65.5,18.1],[-65.55,18.11],[-65.57,18.14],[-65.48,18.16],[-65.37,18.16],[-65.3,18.14],[-65.3,18.13],[-65.43,18.11]]],[[[-67.87,18.06],[-67.88,18.06],[-67.89,18.06],[-67.9,18.07],[-67.93,18.09],[-67.94,18.1],[-67.93,18.12],[-67.92,18.12],[-67.86,18.12],[-67.84,18.11],[-67.84,18.1],[-67.85,18.1],[-67.86,18.08],[-67.87,18.07],[-67.87,18.06]]]]}},{"type":"Feature","properties":{"name":"Anguilla"},"geometry":{"type":"Polygon","coordinates":[[[-63.0,18.22],[-63.16,18.17],[-63.15,18.2],[-63.03,18.27],[-62.98,18.27],[-63.0,18.22]]]}},{"type":"Feature","properties":{"name":"Falkland Is."},"geometry":{"type":"MultiPolygon","coordinates":[[[[-58.85,-51.27],[-58.7,-51.33],[-58.51,-51.31],[-58.43,-51.32],[-58.38,-51.37],[-58.41,-51.42],[-58.47,-51.41],[-58.52,-51.42],[-58.51,-51.48],[-58.47,-51.51],[-58.27,-51.57],[-58.24,-51.58],[-58.24,-51.55],[-58.28,-51.51],[-58.29,-51.46],[-58.26,-51.42],[-58.21,-51.4],[-57.98,-51.39],[-57.92,-51.4],[-57.81,-51.52],[-57.92,-51.53],[-57.96,-51.58],[-57.87,-51.6],[-57.79,-51.64],[-57.83,-51.69],[-57.84,-51.71],[-58.01,-51.74],[-58.15,-51.77],[-58.22,-51.82],[-58.34,-51.86],[-58.68,-51.94],[-58.64,-51.99],[-58.64,-52.02],[-58.65,-52.1],[-59.13,-52.01],[-59.2,-52.02],[-59.07,-52.17],[-59.16,-52.2],[-59.25,-52.18],[-59.34,-52.2],[-59.4,-52.31],[-59.53,-52.24],[-59.65,-52.14],[-59.65,-52.08],[-59.54,-51.97],[-59.57,-51.92],[-59.31,-51.78],[-59.26,-51.74],[-59.18,-51.71],[-59.1,-51.7],[-59.06,-51.69],[-59.06,-51.65],[-59.1,-51.59],[-59.1,-51.49],[-58.89,-51.36],[-58.92,-51.27],[-58.85,-51.27]]],[[[-60.29,-51.46],[-60.14,-51.48],[-60.01,-51.41],[-59.92,-51.39],[-59.84,-51.4],[-59.79,-51.45],[-59.71,-51.44],[-59.49,-51.4],[-59.46,-51.41],[-59.39,-51.36],[-59.32,-51.38],[-59.27,-51.43],[-59.29,-51.48],[-59.36,-51.51],[-59.39,-51.56],[-59.44,-51.59],[-59.51,-51.63],[-59.57,-51.68],[-59.72,-51.81],[-59.92,-51.97],[-59.99,-51.98],[-60.13,-51.99],[-60.19,-51.98],[-60.24,-51.99],[-60.29,-52.07],[-60.35,-52.14],[-60.39,-52.15],[-60.45,-52.16],[-60.48,-52.17],[-60.51,-52.19],[-60.69,-52.19],[-60.81,-52.15],[-60.96,-52.06],[-60.76,-51.95],[-60.59,-51.95],[-60.45,-51.88],[-60.33,-51.84],[-60.29,-51.8],[-60.24,-51.77],[-60.24,-51.73],[-60.28,-51.72],[-60.33,-51.72],[-60.38,-51.74],[-60.5,-51.76],[-60.58,-51.71],[-60.53,-51.7],[-60.47,-51.7],[-60.28,-51.66],[-60.24,-51.64],[-60.3,-51.58],[-60.41,-51.54],[-60.51,-51.49],[-60.52,-51.46],[-60.52,-51.43],[-60.57,-51.36],[-60.51,-51.35],[-60.45,-51.4],[-60.29,-51.46]]],[[[-61.02,-51.79],[-60.95,-51.8],[-60.87,-51.79],[-60.91,-51.9],[-60.95,-51.95],[-61.03,-51.94],[-61.12,-51.87],[-61.14,-51.84],[-61.05,-51.81],[-61.02,-51.79]]],[[[-58.44,-52.01],[-58.43,-52.1],[-58.51,-52.07],[-58.54,-52.03],[-58.5,-52.0],[-58.46,-52.0],[-58.44,-52.01]]],[[[-60.11,-51.4],[-60.25,-51.4],[-60.28,-51.36],[-60.27,-51.28],[-60.17,-51.27],[-60.07,-51.31],[-60.08,-51.34],[-60.11,-51.4]]],[[[-59.68,-52.23],[-59.75,-52.25],[-59.77,-52.24],[-59.78,-52.2],[-59.79,-52.16],[-59.79,-52.14],[-59.75,-52.14],[-59.68,-52.18],[-59.68,-52.23]]]]}},{"type":"Feature","properties":{"name":"Cayman Is."},"geometry":{"type":"MultiPolygon","coordinates":[[[[-81.37,19.35],[-81.34,19.33],[-81.3,19.34],[-81.28,19.36],[-81.13,19.35],[-81.11,19.3],[-81.23,19.3],[-81.28,19.28],[-81.31,19.27],[-81.41,19.28],[-81.42,19.37],[-81.39,19.38],[-81.37,19.35]]],[[[-79.98,19.71],[-79.99,19.7],[-80.02,19.71],[-80.1,19.67],[-80.12,19.67],[-80.12,19.68],[-80.1,19.7],[-80.08,19.71],[-80.07,19.71],[-80.02,19.72],[-79.99,19.72],[-79.98,19.71]]],[[[-79.82,19.71],[-79.87,19.7],[-79.9,19.7],[-79.83,19.74],[-79.8,19.76],[-79.79,19.77],[-79.77,19.77],[-79.74,19.76],[-79.74,19.75],[-79.82,19.71]]]]}},{"type":"Feature","properties":{"name":"British Virgin Is."},"geometry":{"type":"MultiPolygon","coordinates":[[[[-64.4,18.46],[-64.42,18.46],[-64.44,18.46],[-64.44,18.47],[-64.42,18.51],[-64.32,18.52],[-64.4,18.46]]],[[[-64.59,18.4],[-64.67,18.4],[-64.69,18.41],[-64.65,18.44],[-64.57,18.45],[-64.55,18.44],[-64.59,18.4]]],[[[-64.29,18.74],[-64.27,18.71],[-64.28,18.71],[-64.34,18.73],[-64.38,18.73],[-64.4,18.74],[-64.41,18.75],[-64.32,18.75],[-64.29,18.74]]]]}},{"type":"Feature","properties":{"name":"Turks and Caicos Is."},"geometry":{"type":"MultiPolygon","coordinates":[[[[-71.66,21.76],[-71.66,21.75],[-71.72,21.79],[-71.83,21.79],[-71.85,21.84],[-71.8,21.85],[-71.67,21.83],[-71.64,21.79],[-71.66,21.76]]],[[[-71.88,21.84],[-71.9,21.83],[-71.96,21.86],[-71.96,21.89],[-71.98,21.89],[-72.02,21.92],[-72.01,21.95],[-71.93,21.95],[-71.9,21.86],[-71.88,21.84]]],[[[-72.33,21.85],[-72.22,21.8],[-72.15,21.8],[-72.14,21.79],[-72.18,21.78],[-72.19,21.77],[-72.3,21.75],[-72.33,21.76],[-72.34,21.8],[-72.33,21.85]]]]}},{"type":"Feature","properties":{"name":"Montserrat"},"geometry":{"type":"Polygon","coordinates":[[[-62.15,16.74],[-62.15,16.68],[-62.22,16.7],[-62.22,16.75],[-62.19,16.81],[-62.17,16.81],[-62.15,16.74]]]}},{"type":"Feature","properties":{"name":"Trinidad and Tobago"},"geometry":{"type":"MultiPolygon","coordinates":[[[[-60.76,11.18],[-60.81,11.17],[-60.8,11.21],[-60.71,11.28],[-60.56,11.32],[-60.53,11.32],[-60.55,11.26],[-60.76,11.18]]],[[[-61.01,10.13],[-61.17,10.08],[-61.6,10.06],[-61.77,10.09],[-61.9,10.07],[-61.66,10.19],[-61.63,10.24],[-61.53,10.25],[-61.5,10.27],[-61.47,10.54],[-61.48,10.6],[-61.5,10.64],[-61.54,10.66],[-61.63,10.7],[-61.65,10.72],[-61.59,10.75],[-61.47,10.76],[-61.37,10.8],[-61.17,10.8],[-61.08,10.83],[-60.92,10.84],[-61.0,10.72],[-61.03,10.67],[-61.02,10.56],[-61.04,10.48],[-61.02,10.39],[-60.97,10.32],[-61.0,10.26],[-61.0,10.17],[-61.01,10.13]]]]}},{"type":"Feature","properties":{"name":"Suriname"},"geometry":{"type":"Polygon","coordinates":[[[-54.16,5.36],[-54.24,5.29],[-54.33,5.19],[-54.45,5.01],[-54.45,4.96],[-54.47,4.92],[-54.48,4.84],[-54.47,4.75],[-54.44,4.69],[-54.43,4.58],[-54.45,4.48],[-54.44,4.43],[-54.42,4.34],[-54.39,4.24],[-54.4,4.2],[-54.37,4.17],[-54.34,4.14],[-54.35,4.05],[-54.25,3.9],[-54.2,3.83],[-54.11,3.77],[-54.08,3.71],[-54.03,3.63],[-54.01,3.62],[-53.99,3.59],[-54.01,3.53],[-54.01,3.45],[-54.06,3.35],[-54.19,3.18],[-54.2,3.14],[-54.17,2.99],[-54.19,2.88],[-54.2,2.82],[-54.26,2.71],[-54.4,2.46],[-54.48,2.42],[-54.54,2.34],[-54.57,2.34],[-54.6,2.34],[-54.62,2.33],[-54.66,2.33],[-54.7,2.36],[-54.7,2.4],[-54.72,2.44],[-54.77,2.46],[-54.85,2.44],[-54.88,2.45],[-54.93,2.5],[-54.97,2.55],[-54.98,2.6],[-55.01,2.59],[-55.07,2.55],[-55.11,2.54],[-55.15,2.55],[-55.19,2.55],[-55.29,2.5],[-55.35,2.49],[-55.38,2.44],[-55.66,2.42],[-55.73,2.41],[-55.89,2.49],[-55.94,2.52],[-55.96,2.52],[-55.98,2.52],[-55.99,2.5],[-56.02,2.39],[-56.04,2.37],[-56.09,2.34],[-56.13,2.3],[-56.14,2.26],[-56.07,2.24],[-56.02,2.16],[-55.96,2.1],[-55.91,2.04],[-55.92,1.98],[-55.93,1.89],[-55.96,1.86],[-56.02,1.84],[-56.23,1.89],[-56.39,1.92],[-56.45,1.93],[-56.48,1.94],[-56.52,1.97],[-56.56,2.01],[-56.63,2.02],[-56.71,2.04],[-56.76,2.12],[-56.82,2.23],[-56.84,2.28],[-56.89,2.33],[-56.93,2.39],[-56.94,2.46],[-56.98,2.51],[-57.0,2.53],[-57.02,2.61],[-57.03,2.64],[-57.04,2.64],[-57.06,2.67],[-57.1,2.75],[-57.11,2.77],[-57.12,2.77],[-57.16,2.83],[-57.2,2.85],[-57.21,2.88],[-57.21,2.96],[-57.22,3.0],[-57.23,3.08],[-57.23,3.11],[-57.25,3.14],[-57.28,3.16],[-57.28,3.22],[-57.29,3.35],[-57.3,3.38],[-57.43,3.38],[-57.44,3.36],[-57.49,3.35],[-57.55,3.35],[-57.6,3.37],[-57.65,3.39],[-57.66,3.42],[-57.65,3.52],[-57.72,3.59],[-57.83,3.68],[-57.87,3.79],[-57.91,3.86],[-58.03,4.0],[-58.06,4.1],[-58.06,4.17],[-58.01,4.24],[-57.95,4.35],[-57.93,4.45],[-57.9,4.51],[-57.88,4.58],[-57.85,4.67],[-57.87,4.72],[-57.9,4.78],[-57.92,4.82],[-57.88,4.88],[-57.84,4.92],[-57.8,4.93],[-57.75,4.96],[-57.71,4.99],[-57.65,5.0],[-57.57,5.0],[-57.41,5.0],[-57.33,5.02],[-57.31,5.05],[-57.31,5.11],[-57.27,5.16],[-57.23,5.18],[-57.21,5.19],[-57.21,5.21],[-57.22,5.23],[-57.24,5.24],[-57.28,5.25],[-57.32,5.34],[-57.29,5.37],[-57.26,5.44],[-57.25,5.48],[-57.2,5.55],[-57.18,5.53],[-57.14,5.64],[-57.13,5.74],[-57.11,5.83],[-57.06,5.94],[-56.97,5.99],[-56.46,5.94],[-56.23,5.89],[-55.94,5.8],[-55.9,5.7],[-55.9,5.8],[-55.91,5.89],[-55.83,5.96],[-55.65,5.99],[-55.38,5.95],[-55.15,5.99],[-54.83,5.99],[-54.36,5.91],[-54.14,5.86],[-54.05,5.81],[-54.04,5.72],[-54.05,5.61],[-54.08,5.5],[-54.16,5.36]]]}},{"type":"Feature","properties":{"name":"St. Vin. and Gren."},"geometry":{"type":"MultiPolygon","coordinates":[[[[-61.17,13.16],[-61.2,13.14],[-61.28,13.21],[-61.27,13.29],[-61.22,13.33],[-61.18,13.36],[-61.14,13.36],[-61.12,13.29],[-61.13,13.2],[-61.17,13.16]]],[[[-61.23,12.99],[-61.24,12.98],[-61.23,12.98],[-61.24,12.98],[-61.25,12.98],[-61.26,12.99],[-61.28,12.99],[-61.28,13.0],[-61.26,12.99],[-61.24,13.0],[-61.24,13.01],[-61.25,13.01],[-61.25,13.02],[-61.24,13.03],[-61.21,13.04],[-61.2,13.05],[-61.2,13.04],[-61.21,13.02],[-61.23,12.99]]],[[[-61.34,12.7],[-61.34,12.69],[-61.35,12.7],[-61.34,12.7],[-61.34,12.71],[-61.34,12.72],[-61.34,12.73],[-61.33,12.73],[-61.32,12.74],[-61.32,12.73],[-61.31,12.72],[-61.32,12.72],[-61.32,12.71],[-61.33,12.7],[-61.34,12.7]]]]}},{"type":"Feature","properties":{"name":"Saint Lucia"},"geometry":{"type":"Polygon","coordinates":[[[-60.9,13.82],[-60.95,13.72],[-61.06,13.78],[-61.07,13.87],[-61.06,13.92],[-61.0,14.01],[-60.94,14.07],[-60.91,14.09],[-60.89,14.01],[-60.9,13.82]]]}},{"type":"Feature","properties":{"name":"St. Kitts and Nevis"},"geometry":{"type":"MultiPolygon","coordinates":[[[[-62.53,17.12],[-62.58,17.1],[-62.62,17.13],[-62.61,17.2],[-62.57,17.2],[-62.53,17.17],[-62.53,17.12]]],[[[-62.63,17.24],[-62.66,17.23],[-62.7,17.29],[-62.78,17.3],[-62.84,17.34],[-62.84,17.35],[-62.84,17.37],[-62.83,17.39],[-62.79,17.4],[-62.71,17.35],[-62.67,17.29],[-62.64,17.26],[-62.63,17.24]]]]}},{"type":"Feature","properties":{"name":"Peru"},"geometry":{"type":"Polygon","coordinates":[[[-69.96,-4.24],[-69.97,-4.3],[-70.0,-4.33],[-70.05,-4.33],[-70.13,-4.29],[-70.18,-4.3],[-70.24,-4.3],[-70.32,-4.25],[-70.34,-4.19],[-70.4,-4.15],[-70.53,-4.17],[-70.63,-4.17],[-70.72,-4.16],[-70.8,-4.17],[-70.86,-4.23],[-70.92,-4.3],[-70.97,-4.35],[-71.15,-4.39],[-71.24,-4.39],[-71.32,-4.42],[-71.44,-4.44],[-71.52,-4.47],[-71.67,-4.49],[-71.84,-4.5],[-71.94,-4.55],[-71.98,-4.57],[-72.08,-4.64],[-72.26,-4.75],[-72.35,-4.79],[-72.47,-4.9],[-72.61,-5.01],[-72.7,-5.07],[-72.83,-5.09],[-72.89,-5.12],[-72.91,-5.16],[-72.9,-5.2],[-72.92,-5.3],[-72.96,-5.5],[-72.97,-5.59],[-72.98,-5.63],[-73.07,-5.79],[-73.16,-5.93],[-73.21,-6.03],[-73.24,-6.1],[-73.2,-6.16],[-73.17,-6.26],[-73.14,-6.34],[-73.13,-6.4],[-73.14,-6.47],[-73.18,-6.53],[-73.24,-6.56],[-73.32,-6.58],[-73.5,-6.68],[-73.69,-6.83],[-73.76,-6.91],[-73.78,-6.97],[-73.81,-7.08],[-73.79,-7.13],[-73.76,-7.17],[-73.72,-7.26],[-73.72,-7.31],[-73.75,-7.34],[-73.81,-7.34],[-73.85,-7.35],[-73.89,-7.37],[-73.93,-7.37],[-73.96,-7.38],[-73.96,-7.42],[-73.95,-7.46],[-73.96,-7.51],[-73.98,-7.54],[-74.0,-7.56],[-73.98,-7.59],[-73.95,-7.61],[-73.9,-7.66],[-73.82,-7.74],[-73.77,-7.75],[-73.72,-7.78],[-73.72,-7.83],[-73.73,-7.88],[-73.77,-7.9],[-73.78,-7.94],[-73.72,-7.98],[-73.68,-8.02],[-73.64,-8.07],[-73.61,-8.14],[-73.61,-8.19],[-73.57,-8.25],[-73.55,-8.3],[-73.55,-8.35],[-73.49,-8.39],[-73.44,-8.43],[-73.4,-8.46],[-73.36,-8.48],[-73.35,-8.51],[-73.36,-8.57],[-73.3,-8.65],[-73.2,-8.72],[-73.12,-8.81],[-73.07,-8.88],[-72.97,-8.99],[-72.97,-9.12],[-73.09,-9.27],[-73.21,-9.41],[-73.01,-9.41],[-72.81,-9.41],[-72.6,-9.45],[-72.46,-9.49],[-72.38,-9.51],[-72.32,-9.56],[-72.29,-9.63],[-72.27,-9.69],[-72.26,-9.77],[-72.17,-9.84],[-72.18,-9.91],[-72.18,-10.0],[-72.14,-10.01],[-71.89,-10.01],[-71.61,-10.01],[-71.34,-9.99],[-71.24,-9.97],[-71.12,-9.85],[-71.04,-9.82],[-70.97,-9.77],[-70.88,-9.67],[-70.81,-9.63],[-70.76,-9.57],[-70.67,-9.52],[-70.64,-9.48],[-70.61,-9.46],[-70.54,-9.44],[-70.57,-9.49],[-70.59,-9.54],[-70.6,-9.62],[-70.57,-9.71],[-70.59,-9.77],[-70.64,-9.82],[-70.64,-9.97],[-70.64,-10.18],[-70.64,-10.36],[-70.64,-10.59],[-70.64,-10.84],[-70.64,-11.01],[-70.59,-10.98],[-70.53,-10.95],[-70.45,-11.02],[-70.39,-11.06],[-70.34,-11.07],[-70.29,-11.06],[-70.22,-11.05],[-70.07,-10.98],[-69.96,-10.93],[-69.84,-10.93],[-69.67,-10.95],[-69.58,-10.95],[-69.45,-11.17],[-69.36,-11.33],[-69.26,-11.51],[-69.17,-11.65],[-69.05,-11.88],[-68.94,-12.07],[-68.82,-12.27],[-68.69,-12.5],[-68.73,-12.56],[-68.76,-12.61],[-68.76,-12.69],[-68.81,-12.73],[-68.87,-12.76],[-68.94,-12.82],[-68.98,-12.88],[-68.98,-12.96],[-68.97,-13.38],[-68.98,-13.5],[-69.02,-13.59],[-69.05,-13.64],[-69.08,-13.68],[-69.02,-13.78],[-68.97,-13.98],[-68.94,-14.01],[-68.89,-14.09],[-68.87,-14.17],[-68.88,-14.2],[-68.97,-14.23],[-69.0,-14.27],[-69.01,-14.38],[-69.05,-14.42],[-69.12,-14.47],[-69.16,-14.53],[-69.2,-14.57],[-69.23,-14.6],[-69.25,-14.67],[-69.28,-14.75],[-69.36,-14.8],[-69.37,-14.89],[-69.37,-14.96],[-69.33,-15.04],[-69.19,-15.2],[-69.17,-15.24],[-69.26,-15.33],[-69.3,-15.4],[-69.42,-15.6],[-69.42,-15.64],[-69.39,-15.74],[-69.22,-16.15],[-69.19,-16.18],[-69.13,-16.22],[-69.05,-16.22],[-68.91,-16.26],[-68.85,-16.31],[-68.84,-16.34],[-68.86,-16.35],[-68.93,-16.39],[-69.01,-16.43],[-69.03,-16.48],[-69.04,-16.54],[-69.02,-16.64],[-69.05,-16.67],[-69.13,-16.71],[-69.2,-16.77],[-69.27,-16.86],[-69.38,-17.0],[-69.42,-17.04],[-69.44,-17.09],[-69.5,-17.1],[-69.63,-17.2],[-69.64,-17.25],[-69.63,-17.3],[-69.57,-17.33],[-69.52,-17.39],[-69.51,-17.46],[-69.51,-17.51],[-69.59,-17.57],[-69.68,-17.65],[-69.81,-17.66],[-69.85,-17.7],[-69.84,-17.78],[-69.8,-17.9],[-69.8,-17.99],[-69.84,-18.09],[-69.93,-18.21],[-70.06,-18.28],[-70.18,-18.32],[-70.28,-18.32],[-70.38,-18.33],[-70.42,-18.35],[-70.49,-18.28],[-70.82,-18.05],[-70.94,-17.93],[-71.06,-17.88],[-71.34,-17.68],[-71.37,-17.62],[-71.4,-17.42],[-71.44,-17.37],[-71.53,-17.3],[-71.78,-17.2],[-71.87,-17.15],[-71.97,-17.06],[-72.11,-17.0],[-72.27,-16.88],[-72.36,-16.77],[-72.47,-16.71],[-72.79,-16.61],[-72.96,-16.52],[-73.26,-16.39],[-73.4,-16.3],[-73.73,-16.2],[-73.82,-16.15],[-74.15,-15.91],[-74.37,-15.83],[-74.55,-15.7],[-75.11,-15.41],[-75.19,-15.32],[-75.27,-15.18],[-75.4,-15.09],[-75.53,-14.9],[-75.74,-14.78],[-75.93,-14.63],[-76.01,-14.5],[-76.14,-14.32],[-76.17,-14.23],[-76.29,-14.13],[-76.3,-13.95],[-76.38,-13.86],[-76.32,-13.82],[-76.26,-13.8],[-76.18,-13.52],[-76.23,-13.37],[-76.43,-13.11],[-76.5,-12.98],[-76.56,-12.82],[-76.64,-12.73],[-76.76,-12.53],[-76.83,-12.35],[-77.0,-12.22],[-77.04,-12.17],[-77.06,-12.11],[-77.15,-12.06],[-77.16,-11.92],[-77.22,-11.66],[-77.31,-11.53],[-77.63,-11.29],[-77.64,-11.19],[-77.67,-11.02],[-77.74,-10.84],[-78.09,-10.26],[-78.19,-10.09],[-78.28,-9.81],[-78.36,-9.65],[-78.45,-9.37],[-78.58,-9.16],[-78.67,-8.97],[-78.76,-8.74],[-78.76,-8.62],[-78.93,-8.41],[-79.01,-8.21],[-79.16,-8.05],[-79.31,-7.92],[-79.38,-7.84],[-79.59,-7.42],[-79.62,-7.3],[-79.76,-7.07],[-79.9,-6.9],[-79.99,-6.77],[-80.11,-6.65],[-80.81,-6.28],[-81.06,-6.13],[-81.14,-6.06],[-81.18,-5.94],[-81.16,-5.88],[-81.09,-5.81],[-80.99,-5.86],[-80.93,-5.84],[-80.88,-5.76],[-80.88,-5.63],[-80.94,-5.47],[-81.17,-5.17],[-81.15,-5.1],[-81.11,-5.03],[-81.19,-4.88],[-81.29,-4.76],[-81.34,-4.67],[-81.28,-4.32],[-81.23,-4.23],[-80.89,-3.88],[-80.8,-3.73],[-80.65,-3.64],[-80.5,-3.5],[-80.33,-3.39],[-80.3,-3.41],[-80.27,-3.42],[-80.27,-3.46],[-80.26,-3.49],[-80.25,-3.52],[-80.24,-3.58],[-80.22,-3.61],[-80.22,-3.65],[-80.22,-3.71],[-80.23,-3.74],[-80.22,-3.79],[-80.18,-3.88],[-80.19,-3.91],[-80.23,-3.92],[-80.27,-3.95],[-80.3,-4.0],[-80.36,-4.0],[-80.44,-3.98],[-80.49,-4.01],[-80.51,-4.07],[-80.5,-4.12],[-80.49,-4.17],[-80.46,-4.21],[-80.35,-4.21],[-80.44,-4.34],[-80.49,-4.39],[-80.48,-4.43],[-80.42,-4.46],[-80.38,-4.46],[-80.29,-4.42],[-80.23,-4.35],[-80.2,-4.31],[-80.14,-4.3],[-80.06,-4.33],[-79.96,-4.39],[-79.84,-4.45],[-79.8,-4.48],[-79.71,-4.47],[-79.64,-4.46],[-79.58,-4.5],[-79.52,-4.54],[-79.5,-4.67],[-79.45,-4.77],[-79.4,-4.84],[-79.33,-4.93],[-79.27,-4.96],[-79.19,-4.96],[-79.08,-4.99],[-79.03,-4.97],[-78.99,-4.91],[-78.98,-4.87],[-78.92,-4.86],[-78.91,-4.82],[-78.93,-4.77],[-78.91,-4.71],[-78.86,-4.67],[-78.74,-4.59],[-78.69,-4.56],[-78.67,-4.52],[-78.65,-4.46],[-78.66,-4.42],[-78.68,-4.38],[-78.68,-4.33],[-78.65,-4.25],[-78.6,-4.16],[-78.57,-4.04],[-78.55,-3.99],[-78.51,-3.95],[-78.49,-3.9],[-78.47,-3.84],[-78.42,-3.78],[-78.42,-3.71],[-78.4,-3.67],[-78.4,-3.59],[-78.35,-3.43],[-78.35,-3.4],[-78.32,-3.39],[-78.28,-3.4],[-78.25,-3.44],[-78.24,-3.47],[-78.23,-3.49],[-78.19,-3.49],[-78.16,-3.46],[-78.16,-3.43],[-78.19,-3.4],[-78.19,-3.38],[-78.18,-3.35],[-78.13,-3.28],[-78.07,-3.21],[-77.94,-3.05],[-77.86,-2.98],[-77.66,-2.91],[-77.51,-2.86],[-77.36,-2.81],[-77.16,-2.74],[-76.88,-2.64],[-76.68,-2.56],[-76.5,-2.43],[-76.36,-2.33],[-76.24,-2.24],[-76.09,-2.13],[-75.89,-1.89],[-75.74,-1.73],[-75.64,-1.61],[-75.57,-1.53],[-75.51,-1.32],[-75.45,-1.07],[-75.42,-0.96],[-75.41,-0.92],[-75.38,-0.94],[-75.35,-0.97],[-75.31,-0.97],[-75.27,-0.97],[-75.25,-0.95],[-75.28,-0.71],[-75.28,-0.65],[-75.26,-0.59],[-75.26,-0.55],[-75.33,-0.51],[-75.43,-0.41],[-75.47,-0.32],[-75.49,-0.25],[-75.56,-0.2],[-75.63,-0.16],[-75.63,-0.12],[-75.58,-0.12],[-75.48,-0.16],[-75.4,-0.15],[-75.34,-0.14],[-75.29,-0.11],[-75.22,-0.04],[-75.18,-0.04],[-75.14,-0.05],[-75.06,-0.12],[-75.0,-0.16],[-74.94,-0.19],[-74.89,-0.2],[-74.84,-0.2],[-74.8,-0.2],[-74.78,-0.24],[-74.76,-0.3],[-74.69,-0.33],[-74.62,-0.37],[-74.55,-0.43],[-74.52,-0.47],[-74.46,-0.52],[-74.42,-0.58],[-74.37,-0.69],[-74.35,-0.77],[-74.33,-0.81],[-74.34,-0.85],[-74.28,-0.93],[-74.25,-0.97],[-74.18,-1.0],[-74.05,-1.03],[-73.99,-1.1],[-73.93,-1.13],[-73.86,-1.2],[-73.81,-1.22],[-73.73,-1.21],[-73.67,-1.25],[-73.61,-1.32],[-73.58,-1.4],[-73.52,-1.45],[-73.49,-1.54],[-73.53,-1.64],[-73.5,-1.69],[-73.44,-1.74],[-73.35,-1.78],[-73.27,-1.77],[-73.22,-1.79],[-73.2,-1.83],[-73.18,-1.88],[-73.14,-2.0],[-73.13,-2.08],[-73.16,-2.16],[-73.17,-2.21],[-73.15,-2.28],[-73.07,-2.31],[-72.99,-2.34],[-72.94,-2.39],[-72.89,-2.41],[-72.81,-2.41],[-72.72,-2.39],[-72.66,-2.36],[-72.63,-2.35],[-72.59,-2.37],[-72.5,-2.4],[-72.39,-2.43],[-72.3,-2.41],[-72.22,-2.4],[-72.14,-2.38],[-72.05,-2.32],[-71.98,-2.33],[-71.93,-2.29],[-71.87,-2.23],[-71.8,-2.17],[-71.75,-2.15],[-71.67,-2.18],[-71.56,-2.22],[-71.49,-2.28],[-71.45,-2.29],[-71.4,-2.33],[-71.3,-2.33],[-71.2,-2.31],[-71.11,-2.25],[-71.03,-2.22],[-70.97,-2.21],[-70.92,-2.22],[-70.71,-2.34],[-70.65,-2.41],[-70.58,-2.42],[-70.52,-2.45],[-70.42,-2.49],[-70.36,-2.53],[-70.3,-2.55],[-70.25,-2.61],[-70.17,-2.64],[-70.09,-2.66],[-70.07,-2.7],[-70.07,-2.73],[-70.07,-2.75],[-70.15,-2.86],[-70.29,-3.09],[-70.42,-3.29],[-70.62,-3.61],[-70.74,-3.78],[-70.71,-3.79],[-70.53,-3.87],[-70.49,-3.87],[-70.42,-3.85],[-70.38,-3.82],[-70.34,-3.82],[-70.3,-3.84],[-70.24,-3.88],[-70.2,-4.0],[-70.17,-4.05],[-70.09,-4.09],[-70.02,-4.16],[-69.96,-4.24]]]}},{"type":"Feature","properties":{"name":"Paraguay"},"geometry":{"type":"Polygon","coordinates":[[[-58.16,-20.16],[-58.14,-20.24],[-58.12,-20.29],[-58.09,-20.33],[-58.06,-20.39],[-58.03,-20.42],[-58.0,-20.47],[-58.01,-20.52],[-57.99,-20.59],[-57.98,-20.66],[-57.96,-20.67],[-57.92,-20.69],[-57.89,-20.75],[-57.91,-20.78],[-57.9,-20.81],[-57.88,-20.84],[-57.9,-20.87],[-57.89,-20.9],[-57.86,-20.92],[-57.83,-21.0],[-57.83,-21.13],[-57.86,-21.21],[-57.89,-21.27],[-57.89,-21.3],[-57.87,-21.36],[-57.9,-21.42],[-57.94,-21.49],[-57.94,-21.55],[-57.93,-21.6],[-57.93,-21.65],[-57.92,-21.7],[-57.93,-21.75],[-57.94,-21.8],[-57.95,-21.85],[-57.93,-21.91],[-57.96,-21.97],[-57.98,-22.01],[-57.98,-22.05],[-57.96,-22.11],[-57.88,-22.14],[-57.82,-22.14],[-57.76,-22.11],[-57.72,-22.1],[-57.64,-22.13],[-57.57,-22.18],[-57.48,-22.19],[-57.39,-22.2],[-57.33,-22.22],[-57.24,-22.2],[-57.14,-22.22],[-57.03,-22.24],[-56.94,-22.27],[-56.85,-22.27],[-56.77,-22.26],[-56.7,-22.23],[-56.63,-22.23],[-56.58,-22.18],[-56.55,-22.14],[-56.52,-22.1],[-56.45,-22.08],[-56.4,-22.09],[-56.35,-22.18],[-56.28,-22.23],[-56.25,-22.27],[-56.19,-22.28],[-56.07,-22.28],[-55.99,-22.28],[-55.91,-22.31],[-55.85,-22.31],[-55.8,-22.35],[-55.75,-22.41],[-55.75,-22.51],[-55.71,-22.59],[-55.65,-22.62],[-55.62,-22.67],[-55.63,-22.74],[-55.65,-22.81],[-55.65,-22.89],[-55.62,-22.96],[-55.62,-23.03],[-55.6,-23.1],[-55.56,-23.15],[-55.55,-23.25],[-55.55,-23.32],[-55.53,-23.36],[-55.52,-23.42],[-55.54,-23.46],[-55.54,-23.52],[-55.54,-23.58],[-55.52,-23.63],[-55.46,-23.69],[-55.44,-23.79],[-55.44,-23.87],[-55.42,-23.95],[-55.37,-23.99],[-55.29,-24.0],[-55.19,-24.02],[-55.08,-24.0],[-54.98,-23.98],[-54.93,-23.95],[-54.82,-23.89],[-54.72,-23.85],[-54.67,-23.83],[-54.63,-23.81],[-54.53,-23.85],[-54.44,-23.9],[-54.37,-23.97],[-54.24,-24.05],[-54.27,-24.07],[-54.32,-24.13],[-54.32,-24.2],[-54.28,-24.31],[-54.31,-24.53],[-54.41,-24.87],[-54.45,-25.07],[-54.44,-25.12],[-54.47,-25.22],[-54.61,-25.43],[-54.61,-25.58],[-54.63,-26.01],[-54.68,-26.31],[-54.75,-26.53],[-54.83,-26.65],[-54.89,-26.67],[-54.93,-26.7],[-54.96,-26.76],[-55.01,-26.81],[-55.09,-26.84],[-55.13,-26.89],[-55.14,-26.93],[-55.21,-26.96],[-55.35,-26.97],[-55.43,-27.01],[-55.45,-27.07],[-55.5,-27.12],[-55.56,-27.15],[-55.6,-27.21],[-55.59,-27.29],[-55.63,-27.36],[-55.72,-27.41],[-55.79,-27.42],[-55.86,-27.36],[-55.95,-27.33],[-56.07,-27.31],[-56.16,-27.32],[-56.24,-27.37],[-56.31,-27.44],[-56.37,-27.54],[-56.44,-27.55],[-56.51,-27.49],[-56.61,-27.47],[-56.72,-27.49],[-56.81,-27.49],[-56.87,-27.44],[-56.97,-27.44],[-57.11,-27.47],[-57.39,-27.43],[-57.81,-27.32],[-58.17,-27.27],[-58.6,-27.31],[-58.64,-27.2],[-58.62,-27.13],[-58.55,-27.08],[-58.5,-27.03],[-58.48,-26.97],[-58.44,-26.92],[-58.35,-26.89],[-58.32,-26.86],[-58.33,-26.82],[-58.32,-26.8],[-58.27,-26.77],[-58.25,-26.73],[-58.24,-26.68],[-58.22,-26.65],[-58.19,-26.63],[-58.19,-26.59],[-58.2,-26.48],[-58.2,-26.38],[-58.18,-26.31],[-58.15,-26.26],[-58.14,-26.25],[-58.12,-26.23],[-58.11,-26.18],[-58.08,-26.14],[-57.94,-26.05],[-57.89,-26.01],[-57.89,-25.96],[-57.87,-25.91],[-57.78,-25.78],[-57.76,-25.73],[-57.75,-25.7],[-57.72,-25.67],[-57.63,-25.6],[-57.57,-25.53],[-57.56,-25.47],[-57.59,-25.41],[-57.65,-25.33],[-57.82,-25.14],[-57.96,-25.05],[-58.14,-24.98],[-58.25,-24.95],[-58.31,-24.98],[-58.37,-24.96],[-58.42,-24.89],[-58.52,-24.84],[-58.73,-24.79],[-59.19,-24.56],[-59.37,-24.45],[-59.43,-24.39],[-59.61,-24.27],[-59.89,-24.09],[-60.11,-24.01],[-60.26,-24.01],[-60.5,-23.96],[-60.84,-23.86],[-61.03,-23.75],[-61.08,-23.66],[-61.21,-23.56],[-61.4,-23.46],[-61.5,-23.39],[-61.51,-23.36],[-61.57,-23.32],[-61.68,-23.27],[-61.8,-23.18],[-61.93,-23.06],[-62.07,-22.87],[-62.21,-22.61],[-62.37,-22.44],[-62.54,-22.35],[-62.62,-22.29],[-62.62,-22.26],[-62.65,-22.23],[-62.63,-22.18],[-62.57,-21.99],[-62.48,-21.7],[-62.39,-21.41],[-62.28,-21.07],[-62.28,-20.82],[-62.28,-20.56],[-62.12,-20.35],[-62.01,-20.2],[-61.92,-20.06],[-61.82,-19.81],[-61.76,-19.65],[-61.51,-19.61],[-61.09,-19.52],[-60.89,-19.48],[-60.45,-19.39],[-60.01,-19.3],[-59.54,-19.29],[-59.09,-19.29],[-58.74,-19.49],[-58.47,-19.65],[-58.18,-19.82],[-58.16,-19.85],[-58.14,-20.0],[-58.16,-20.16]]]}},{"type":"Feature","properties":{"name":"Panama"},"geometry":{"type":"MultiPolygon","coordinates":[[[[-77.37,8.66],[-77.39,8.64],[-77.45,8.57],[-77.48,8.5],[-77.41,8.43],[-77.38,8.35],[-77.34,8.27],[-77.28,8.19],[-77.21,8.03],[-77.2,7.97],[-77.22,7.93],[-77.28,7.91],[-77.34,7.84],[-77.36,7.75],[-77.35,7.71],[-77.54,7.57],[-77.59,7.54],[-77.62,7.56],[-77.66,7.63],[-77.7,7.69],[-77.73,7.71],[-77.75,7.71],[-77.76,7.7],[-77.77,7.67],[-77.74,7.54],[-77.77,7.48],[-77.83,7.44],[-77.9,7.23],[-77.93,7.26],[-78.17,7.54],[-78.38,7.9],[-78.42,8.06],[-78.37,8.07],[-78.32,8.07],[-78.29,8.09],[-78.26,8.14],[-78.28,8.25],[-78.18,8.33],[-78.14,8.39],[-78.12,8.38],[-78.05,8.28],[-77.95,8.23],[-77.83,8.15],[-77.76,8.13],[-77.85,8.22],[-78.01,8.32],[-78.06,8.4],[-78.1,8.5],[-78.16,8.45],[-78.19,8.42],[-78.22,8.4],[-78.25,8.42],[-78.26,8.45],[-78.35,8.46],[-78.37,8.49],[-78.4,8.51],[-78.39,8.44],[-78.37,8.4],[-78.38,8.36],[-78.41,8.36],[-78.44,8.4],[-78.47,8.45],[-78.51,8.63],[-78.62,8.71],[-78.67,8.74],[-78.71,8.75],[-78.77,8.81],[-78.85,8.84],[-78.95,8.93],[-79.09,9.0],[-79.25,9.02],[-79.44,9.01],[-79.51,8.97],[-79.55,8.92],[-79.57,8.9],[-79.69,8.85],[-79.73,8.78],[-79.76,8.71],[-79.81,8.64],[-79.75,8.6],[-80.12,8.35],[-80.2,8.31],[-80.37,8.29],[-80.41,8.26],[-80.46,8.21],[-80.47,8.14],[-80.46,8.08],[-80.41,8.03],[-80.37,8.0],[-80.26,7.85],[-80.07,7.67],[-80.04,7.6],[-80.01,7.5],[-80.07,7.45],[-80.11,7.43],[-80.29,7.43],[-80.35,7.39],[-80.37,7.32],[-80.44,7.27],[-80.67,7.23],[-80.84,7.22],[-80.9,7.28],[-80.92,7.44],[-81.04,7.71],[-81.06,7.9],[-81.09,7.88],[-81.16,7.85],[-81.18,7.81],[-81.2,7.67],[-81.22,7.62],[-81.27,7.63],[-81.37,7.68],[-81.5,7.72],[-81.68,8.02],[-81.69,8.07],[-81.73,8.14],[-81.86,8.17],[-81.97,8.22],[-82.1,8.22],[-82.16,8.19],[-82.22,8.23],[-82.23,8.31],[-82.36,8.27],[-82.53,8.29],[-82.68,8.32],[-82.78,8.3],[-82.87,8.25],[-82.85,8.1],[-82.88,8.07],[-82.88,8.13],[-82.91,8.2],[-82.95,8.26],[-83.02,8.32],[-83.03,8.34],[-83.0,8.37],[-82.86,8.45],[-82.85,8.49],[-82.84,8.56],[-82.86,8.64],[-82.92,8.74],[-82.88,8.81],[-82.81,8.86],[-82.74,8.9],[-82.73,8.92],[-82.74,8.95],[-82.78,8.99],[-82.88,9.06],[-82.94,9.06],[-82.94,9.25],[-82.94,9.45],[-82.93,9.47],[-82.89,9.48],[-82.86,9.51],[-82.84,9.57],[-82.8,9.59],[-82.72,9.55],[-82.64,9.51],[-82.61,9.52],[-82.59,9.54],[-82.57,9.56],[-82.57,9.58],[-82.5,9.52],[-82.37,9.43],[-82.36,9.38],[-82.37,9.34],[-82.34,9.21],[-82.27,9.19],[-82.21,9.22],[-82.19,9.19],[-82.2,9.17],[-82.23,9.14],[-82.24,9.03],[-82.13,8.98],[-82.08,8.93],[-81.9,8.96],[-81.83,8.94],[-81.78,8.96],[-81.83,9.05],[-81.9,9.11],[-81.9,9.14],[-81.84,9.12],[-81.8,9.07],[-81.71,9.02],[-81.55,8.83],[-81.36,8.78],[-81.2,8.79],[-81.06,8.81],[-80.84,8.89],[-80.68,9.02],[-80.55,9.08],[-80.13,9.21],[-79.98,9.34],[-79.92,9.36],[-79.85,9.38],[-79.72,9.48],[-79.65,9.56],[-79.58,9.6],[-79.35,9.57],[-79.21,9.53],[-79.11,9.54],[-79.02,9.51],[-78.98,9.45],[-78.93,9.43],[-78.7,9.43],[-78.5,9.41],[-78.08,9.24],[-77.83,9.07],[-77.7,8.89],[-77.37,8.66]]],[[[-78.9,8.27],[-78.92,8.23],[-78.96,8.33],[-78.96,8.35],[-78.96,8.44],[-78.91,8.46],[-78.88,8.46],[-78.86,8.45],[-78.84,8.35],[-78.85,8.3],[-78.9,8.27]]],[[[-81.6,7.33],[-81.66,7.33],[-81.77,7.37],[-81.85,7.45],[-81.86,7.48],[-81.86,7.51],[-81.81,7.59],[-81.75,7.62],[-81.73,7.62],[-81.67,7.52],[-81.71,7.49],[-81.69,7.43],[-81.61,7.38],[-81.6,7.33]]],[[[-82.23,9.38],[-82.24,9.33],[-82.32,9.42],[-82.28,9.43],[-82.26,9.43],[-82.23,9.38]]],[[[-79.07,8.25],[-79.11,8.21],[-79.13,8.25],[-79.09,8.3],[-79.08,8.3],[-79.07,8.25]]]]}},{"type":"Feature","properties":{"name":"Nicaragua"},"geometry":{"type":"Polygon","coordinates":[[[-83.16,14.99],[-83.18,14.96],[-83.22,14.93],[-83.28,14.81],[-83.3,14.8],[-83.31,14.89],[-83.34,14.9],[-83.39,14.87],[-83.41,14.83],[-83.38,14.77],[-83.34,14.77],[-83.3,14.75],[-83.19,14.34],[-83.21,14.27],[-83.28,14.15],[-83.35,14.06],[-83.41,14.0],[-83.49,13.74],[-83.57,13.32],[-83.52,12.94],[-83.54,12.6],[-83.52,12.51],[-83.51,12.41],[-83.57,12.39],[-83.59,12.4],[-83.63,12.46],[-83.62,12.51],[-83.59,12.58],[-83.58,12.67],[-83.59,12.71],[-83.63,12.61],[-83.68,12.57],[-83.72,12.55],[-83.75,12.5],[-83.72,12.41],[-83.67,12.34],[-83.65,12.29],[-83.67,12.23],[-83.68,12.02],[-83.7,12.03],[-83.72,12.06],[-83.77,12.06],[-83.77,11.98],[-83.77,11.93],[-83.81,11.9],[-83.83,11.86],[-83.79,11.84],[-83.75,11.82],[-83.71,11.82],[-83.66,11.72],[-83.65,11.64],[-83.75,11.57],[-83.78,11.5],[-83.83,11.43],[-83.86,11.35],[-83.87,11.3],[-83.83,11.13],[-83.77,11.01],[-83.71,10.93],[-83.64,10.92],[-83.66,10.84],[-83.71,10.79],[-83.81,10.74],[-83.92,10.74],[-84.1,10.78],[-84.17,10.78],[-84.2,10.8],[-84.21,10.84],[-84.26,10.9],[-84.35,10.98],[-84.4,10.97],[-84.49,10.99],[-84.64,11.05],[-84.7,11.05],[-84.8,11.01],[-84.91,10.95],[-85.18,11.04],[-85.37,11.11],[-85.54,11.17],[-85.59,11.19],[-85.62,11.18],[-85.65,11.15],[-85.69,11.1],[-85.7,11.08],[-85.72,11.07],[-85.74,11.06],[-85.74,11.09],[-85.83,11.2],[-85.96,11.33],[-86.47,11.74],[-86.65,11.98],[-86.76,12.16],[-86.85,12.25],[-87.13,12.43],[-87.19,12.51],[-87.46,12.76],[-87.67,12.9],[-87.67,12.97],[-87.58,13.04],[-87.54,13.04],[-87.5,12.98],[-87.43,12.92],[-87.39,12.92],[-87.34,12.95],[-87.34,12.98],[-87.06,12.99],[-87.01,13.01],[-86.96,13.05],[-86.93,13.12],[-86.93,13.18],[-86.92,13.22],[-86.87,13.27],[-86.79,13.28],[-86.73,13.28],[-86.71,13.31],[-86.73,13.41],[-86.76,13.64],[-86.77,13.7],[-86.76,13.75],[-86.73,13.76],[-86.61,13.77],[-86.38,13.75],[-86.33,13.77],[-86.24,13.9],[-86.15,13.99],[-86.09,14.04],[-86.04,14.05],[-85.99,13.97],[-85.79,13.85],[-85.75,13.85],[-85.73,13.86],[-85.73,13.88],[-85.73,13.93],[-85.68,13.98],[-85.58,14.03],[-85.48,14.11],[-85.37,14.22],[-85.28,14.29],[-85.21,14.31],[-85.18,14.34],[-85.2,14.39],[-85.19,14.45],[-85.16,14.53],[-85.12,14.57],[-85.06,14.58],[-85.04,14.61],[-85.05,14.65],[-85.04,14.69],[-84.98,14.75],[-84.86,14.81],[-84.79,14.79],[-84.73,14.71],[-84.65,14.66],[-84.54,14.63],[-84.46,14.64],[-84.39,14.69],[-84.34,14.71],[-84.29,14.69],[-84.27,14.7],[-84.26,14.74],[-84.24,14.75],[-84.19,14.73],[-84.15,14.72],[-84.11,14.73],[-84.1,14.75],[-84.09,14.77],[-84.07,14.79],[-83.97,14.77],[-83.87,14.79],[-83.75,14.86],[-83.67,14.88],[-83.63,14.88],[-83.59,14.91],[-83.54,14.98],[-83.41,15.01],[-83.16,14.99]]]}},{"type":"Feature","properties":{"name":"Aruba"},"geometry":{"type":"Polygon","coordinates":[[[-69.9,12.45],[-69.9,12.42],[-69.94,12.44],[-70.0,12.5],[-70.07,12.55],[-70.05,12.6],[-70.04,12.61],[-69.97,12.57],[-69.91,12.48],[-69.9,12.45]]]}},{"type":"Feature","properties":{"name":"Cura\u00e7ao"},"geometry":{"type":"Polygon","coordinates":[[[-68.75,12.06],[-68.8,12.05],[-69.0,12.14],[-69.15,12.3],[-69.16,12.38],[-69.12,12.37],[-69.08,12.34],[-69.01,12.23],[-68.83,12.16],[-68.75,12.06]]]}},{"type":"Feature","properties":{"name":"Mexico"},"geometry":{"type":"MultiPolygon","coordinates":[[[[-117.13,32.53],[-116.84,32.55],[-116.56,32.58],[-116.27,32.6],[-115.98,32.62],[-115.7,32.64],[-115.41,32.66],[-115.12,32.68],[-114.84,32.71],[-114.72,32.72],[-114.79,32.56],[-114.84,32.51],[-114.36,32.36],[-113.89,32.21],[-113.41,32.06],[-112.94,31.92],[-112.46,31.77],[-111.99,31.62],[-111.52,31.47],[-111.04,31.33],[-110.69,31.33],[-110.34,31.33],[-109.98,31.33],[-109.63,31.33],[-109.27,31.33],[-108.92,31.33],[-108.57,31.33],[-108.22,31.33],[-108.22,31.44],[-108.21,31.55],[-108.21,31.67],[-108.21,31.78],[-107.99,31.78],[-107.77,31.78],[-107.55,31.78],[-107.33,31.77],[-107.11,31.77],[-106.89,31.77],[-106.67,31.77],[-106.45,31.77],[-106.44,31.77],[-106.44,31.76],[-106.35,31.68],[-106.26,31.54],[-106.15,31.45],[-106.02,31.4],[-105.81,31.24],[-105.52,30.98],[-105.27,30.81],[-105.1,30.72],[-104.98,30.65],[-104.92,30.58],[-104.83,30.45],[-104.68,30.13],[-104.68,29.99],[-104.62,29.85],[-104.5,29.68],[-104.4,29.57],[-104.31,29.54],[-104.22,29.48],[-104.11,29.39],[-103.99,29.32],[-103.85,29.29],[-103.66,29.21],[-103.42,29.07],[-103.26,29.0],[-103.17,29.0],[-103.09,29.04],[-103.02,29.13],[-102.96,29.19],[-102.89,29.22],[-102.87,29.26],[-102.88,29.31],[-102.83,29.44],[-102.73,29.64],[-102.61,29.75],[-102.48,29.77],[-102.39,29.81],[-102.34,29.87],[-102.27,29.87],[-102.16,29.83],[-101.99,29.8],[-101.75,29.78],[-101.61,29.79],[-101.57,29.81],[-101.55,29.81],[-101.54,29.78],[-101.51,29.77],[-101.44,29.78],[-101.38,29.74],[-101.3,29.63],[-101.04,29.46],[-101.02,29.4],[-100.93,29.31],[-100.76,29.18],[-100.66,29.07],[-100.64,28.97],[-100.55,28.82],[-100.4,28.61],[-100.33,28.5],[-100.35,28.49],[-100.33,28.43],[-100.3,28.33],[-100.22,28.24],[-100.11,28.17],[-100.0,28.05],[-99.89,27.87],[-99.76,27.73],[-99.6,27.64],[-99.51,27.55],[-99.49,27.47],[-99.49,27.4],[-99.51,27.34],[-99.5,27.29],[-99.46,27.23],[-99.44,27.17],[-99.46,27.08],[-99.46,27.06],[-99.44,27.04],[-99.3,26.88],[-99.23,26.76],[-99.17,26.57],[-99.17,26.56],[-99.11,26.45],[-99.01,26.4],[-98.87,26.38],[-98.77,26.34],[-98.69,26.28],[-98.6,26.24],[-98.48,26.22],[-98.38,26.18],[-98.28,26.11],[-98.08,26.06],[-97.8,26.04],[-97.59,25.98],[-97.44,25.89],[-97.38,25.87],[-97.36,25.87],[-97.35,25.88],[-97.34,25.91],[-97.28,25.94],[-97.15,25.96],[-97.16,25.75],[-97.22,25.59],[-97.42,25.23],[-97.51,25.01],[-97.67,24.39],[-97.72,23.98],[-97.73,23.79],[-97.74,23.76],[-97.73,23.73],[-97.76,23.31],[-97.75,22.94],[-97.76,22.89],[-97.82,22.78],[-97.86,22.62],[-97.84,22.56],[-97.84,22.51],[-97.78,22.28],[-97.76,22.11],[-97.58,21.81],[-97.48,21.7],[-97.36,21.62],[-97.31,21.56],[-97.34,21.44],[-97.39,21.37],[-97.41,21.27],[-97.43,21.36],[-97.43,21.46],[-97.39,21.52],[-97.38,21.57],[-97.46,21.61],[-97.59,21.76],[-97.75,22.03],[-97.64,21.6],[-97.6,21.54],[-97.57,21.51],[-97.52,21.48],[-97.5,21.43],[-97.5,21.4],[-97.36,21.1],[-97.2,20.8],[-97.18,20.72],[-97.12,20.62],[-96.71,20.19],[-96.46,19.87],[-96.37,19.57],[-96.31,19.47],[-96.29,19.34],[-96.12,19.2],[-96.07,19.11],[-95.99,19.05],[-95.91,18.9],[-95.78,18.81],[-95.81,18.8],[-95.93,18.85],[-95.92,18.82],[-95.82,18.75],[-95.63,18.69],[-95.58,18.69],[-95.65,18.72],[-95.72,18.77],[-95.7,18.78],[-95.56,18.72],[-95.18,18.7],[-95.01,18.57],[-94.8,18.52],[-94.68,18.35],[-94.55,18.17],[-94.46,18.17],[-94.39,18.17],[-94.19,18.2],[-93.87,18.31],[-93.76,18.36],[-93.55,18.43],[-93.23,18.44],[-93.13,18.42],[-92.89,18.47],[-92.77,18.52],[-92.73,18.57],[-92.71,18.61],[-92.49,18.66],[-92.44,18.67],[-92.21,18.69],[-92.1,18.7],[-91.98,18.72],[-91.88,18.64],[-91.88,18.6],[-91.94,18.56],[-91.91,18.53],[-91.8,18.47],[-91.6,18.45],[-91.53,18.46],[-91.44,18.54],[-91.27,18.62],[-91.28,18.72],[-91.31,18.77],[-91.36,18.78],[-91.37,18.81],[-91.33,18.88],[-91.34,18.9],[-91.45,18.83],[-91.47,18.83],[-91.46,18.86],[-91.44,18.89],[-91.14,19.04],[-91.06,19.1],[-90.96,19.15],[-90.74,19.35],[-90.69,19.73],[-90.65,19.8],[-90.51,19.91],[-90.49,19.95],[-90.48,20.03],[-90.49,20.22],[-90.48,20.38],[-90.49,20.56],[-90.46,20.71],[-90.43,20.76],[-90.35,21.01],[-90.18,21.12],[-89.89,21.25],[-89.82,21.28],[-88.88,21.41],[-88.75,21.45],[-88.58,21.54],[-88.47,21.57],[-88.25,21.57],[-88.18,21.58],[-88.17,21.59],[-88.17,21.6],[-88.13,21.62],[-88.01,21.6],[-87.77,21.55],[-87.69,21.54],[-87.48,21.47],[-87.25,21.45],[-87.22,21.46],[-87.19,21.48],[-87.17,21.51],[-87.19,21.55],[-87.21,21.54],[-87.25,21.53],[-87.3,21.53],[-87.39,21.55],[-87.37,21.57],[-87.28,21.57],[-87.22,21.58],[-87.13,21.62],[-87.04,21.59],[-86.91,21.46],[-86.82,21.42],[-86.82,21.23],[-86.8,21.2],[-86.77,21.15],[-86.82,21.0],[-86.86,20.88],[-86.92,20.79],[-87.06,20.63],[-87.22,20.51],[-87.42,20.23],[-87.47,20.1],[-87.46,20.0],[-87.43,19.9],[-87.44,19.86],[-87.46,19.82],[-87.51,19.83],[-87.59,19.78],[-87.69,19.64],[-87.69,19.59],[-87.64,19.55],[-87.59,19.57],[-87.51,19.57],[-87.47,19.59],[-87.43,19.58],[-87.44,19.5],[-87.48,19.44],[-87.51,19.42],[-87.57,19.42],[-87.63,19.38],[-87.66,19.35],[-87.66,19.26],[-87.62,19.25],[-87.55,19.32],[-87.51,19.32],[-87.5,19.29],[-87.59,19.05],[-87.65,18.8],[-87.73,18.66],[-87.76,18.45],[-87.8,18.36],[-87.85,18.27],[-87.88,18.27],[-87.96,18.44],[-88.04,18.48],[-88.06,18.52],[-88.01,18.73],[-88.03,18.84],[-88.07,18.83],[-88.13,18.77],[-88.2,18.72],[-88.2,18.64],[-88.27,18.52],[-88.3,18.47],[-88.37,18.48],[-88.46,18.48],[-88.52,18.45],[-88.59,18.29],[-88.74,18.07],[-88.81,17.96],[-88.86,17.93],[-88.9,17.91],[-88.94,17.94],[-89.05,18.0],[-89.14,17.97],[-89.16,17.9],[-89.16,17.82],[-89.37,17.82],[-89.73,17.82],[-90.18,17.82],[-90.62,17.82],[-90.99,17.82],[-90.99,17.62],[-90.99,17.45],[-90.99,17.25],[-91.19,17.25],[-91.41,17.26],[-91.39,17.24],[-91.32,17.2],[-91.22,17.11],[-91.11,16.98],[-90.97,16.87],[-90.82,16.79],[-90.71,16.71],[-90.66,16.63],[-90.63,16.57],[-90.63,16.51],[-90.58,16.47],[-90.47,16.44],[-90.42,16.39],[-90.42,16.35],[-90.45,16.26],[-90.46,16.16],[-90.45,16.07],[-90.52,16.07],[-90.7,16.07],[-90.98,16.07],[-91.23,16.07],[-91.44,16.07],[-91.74,16.07],[-91.82,15.93],[-91.96,15.7],[-92.08,15.5],[-92.19,15.32],[-92.21,15.28],[-92.21,15.24],[-92.08,15.07],[-92.1,15.03],[-92.14,15.0],[-92.16,14.96],[-92.16,14.9],[-92.19,14.82],[-92.18,14.76],[-92.16,14.69],[-92.19,14.63],[-92.21,14.57],[-92.23,14.54],[-92.26,14.57],[-92.53,14.84],[-92.81,15.14],[-92.92,15.24],[-93.02,15.31],[-93.17,15.45],[-93.54,15.75],[-93.74,15.89],[-93.92,16.05],[-94.08,16.15],[-94.24,16.2],[-94.31,16.24],[-94.37,16.28],[-94.41,16.29],[-94.43,16.23],[-94.37,16.2],[-94.3,16.17],[-94.25,16.17],[-94.19,16.15],[-94.03,16.06],[-94.0,16.02],[-94.47,16.19],[-94.66,16.2],[-94.68,16.23],[-94.59,16.32],[-94.62,16.35],[-94.65,16.35],[-94.75,16.29],[-94.79,16.29],[-94.8,16.33],[-94.79,16.36],[-94.86,16.42],[-94.9,16.42],[-94.93,16.38],[-95.02,16.31],[-95.02,16.28],[-94.84,16.25],[-94.79,16.23],[-94.8,16.21],[-94.95,16.21],[-95.13,16.18],[-95.46,15.98],[-95.77,15.89],[-96.21,15.69],[-96.41,15.68],[-96.51,15.65],[-96.81,15.73],[-97.18,15.91],[-97.75,15.97],[-98.14,16.21],[-98.52,16.31],[-98.76,16.53],[-98.91,16.54],[-99.0,16.58],[-99.35,16.66],[-99.69,16.72],[-100.03,16.92],[-100.24,16.98],[-100.43,17.06],[-100.85,17.2],[-101.0,17.28],[-101.15,17.39],[-101.39,17.51],[-101.49,17.62],[-101.6,17.65],[-101.76,17.84],[-101.85,17.92],[-101.92,17.96],[-101.99,17.97],[-102.22,17.96],[-102.55,18.04],[-102.7,18.06],[-103.02,18.19],[-103.44,18.33],[-103.58,18.48],[-103.7,18.63],[-103.91,18.83],[-104.05,18.91],[-104.28,19.01],[-104.41,19.09],[-104.6,19.15],[-104.94,19.31],[-105.04,19.44],[-105.11,19.56],[-105.28,19.71],[-105.48,19.98],[-105.53,20.08],[-105.57,20.23],[-105.62,20.32],[-105.67,20.38],[-105.64,20.44],[-105.54,20.5],[-105.38,20.51],[-105.26,20.58],[-105.25,20.63],[-105.25,20.67],[-105.33,20.75],[-105.42,20.78],[-105.49,20.78],[-105.51,20.81],[-105.46,20.84],[-105.39,20.93],[-105.3,21.03],[-105.24,21.12],[-105.22,21.25],[-105.23,21.38],[-105.21,21.49],[-105.43,21.62],[-105.46,21.67],[-105.53,21.82],[-105.65,21.99],[-105.64,22.33],[-105.79,22.63],[-105.94,22.78],[-106.02,22.83],[-106.24,23.06],[-106.4,23.2],[-106.57,23.45],[-106.73,23.61],[-106.94,23.88],[-107.08,24.02],[-107.77,24.47],[-107.73,24.47],[-107.53,24.36],[-107.5,24.37],[-107.49,24.42],[-107.51,24.49],[-107.55,24.5],[-107.6,24.49],[-107.68,24.5],[-107.71,24.53],[-107.82,24.54],[-107.95,24.62],[-108.01,24.69],[-108.01,24.78],[-108.21,24.97],[-108.28,25.08],[-108.24,25.07],[-108.19,25.03],[-108.14,25.02],[-108.08,25.02],[-108.04,25.04],[-108.05,25.07],[-108.09,25.09],[-108.37,25.19],[-108.47,25.26],[-108.7,25.38],[-108.75,25.42],[-108.79,25.54],[-108.85,25.54],[-108.89,25.51],[-109.03,25.48],[-109.06,25.52],[-109.07,25.55],[-108.97,25.59],[-108.88,25.7],[-108.88,25.73],[-108.94,25.69],[-109.01,25.64],[-109.08,25.62],[-109.2,25.59],[-109.26,25.61],[-109.31,25.63],[-109.39,25.73],[-109.42,26.03],[-109.35,26.14],[-109.27,26.24],[-109.2,26.3],[-109.16,26.26],[-109.12,26.25],[-109.15,26.31],[-109.22,26.35],[-109.24,26.41],[-109.24,26.45],[-109.28,26.53],[-109.48,26.71],[-109.68,26.7],[-109.76,26.7],[-109.83,26.77],[-109.89,26.88],[-109.92,26.98],[-109.93,27.03],[-109.94,27.08],[-110.28,27.16],[-110.38,27.23],[-110.48,27.32],[-110.52,27.39],[-110.56,27.45],[-110.59,27.54],[-110.62,27.65],[-110.58,27.8],[-110.53,27.86],[-110.76,27.92],[-110.85,27.92],[-110.92,27.89],[-110.99,27.93],[-111.12,27.97],[-111.28,28.12],[-111.47,28.38],[-111.68,28.47],[-111.75,28.56],[-111.83,28.65],[-111.91,28.75],[-111.92,28.8],[-111.94,28.82],[-112.05,28.9],[-112.16,29.02],[-112.19,29.12],[-112.22,29.27],[-112.3,29.32],[-112.38,29.35],[-112.39,29.42],[-112.39,29.46],[-112.41,29.54],[-112.57,29.72],[-112.65,29.87],[-112.7,29.92],[-112.74,29.98],[-112.76,30.13],[-112.82,30.3],[-112.95,30.51],[-113.06,30.65],[-113.11,30.79],[-113.09,30.94],[-113.1,31.03],[-113.12,31.05],[-113.11,31.08],[-113.07,31.06],[-113.04,31.09],[-113.05,31.18],[-113.08,31.21],[-113.19,31.24],[-113.23,31.26],[-113.48,31.29],[-113.62,31.35],[-113.63,31.47],[-113.7,31.52],[-113.76,31.56],[-113.95,31.63],[-113.98,31.59],[-114.0,31.52],[-114.08,31.51],[-114.15,31.51],[-114.26,31.55],[-114.55,31.73],[-114.61,31.76],[-114.7,31.78],[-114.74,31.81],[-114.93,31.9],[-114.89,31.85],[-114.84,31.8],[-114.79,31.65],[-114.85,31.54],[-114.88,31.16],[-114.84,31.08],[-114.76,30.96],[-114.7,30.76],[-114.68,30.62],[-114.63,30.51],[-114.65,30.24],[-114.63,30.16],[-114.55,30.02],[-114.4,29.9],[-114.37,29.83],[-114.18,29.73],[-114.06,29.61],[-113.83,29.44],[-113.76,29.37],[-113.55,29.1],[-113.54,29.02],[-113.5,28.93],[-113.38,28.95],[-113.33,28.87],[-113.33,28.84],[-113.32,28.81],[-113.26,28.82],[-113.2,28.8],[-113.09,28.51],[-113.03,28.47],[-112.96,28.46],[-112.87,28.42],[-112.87,28.35],[-112.87,28.29],[-112.79,28.21],[-112.81,28.09],[-112.75,28.0],[-112.76,27.9],[-112.73,27.83],[-112.55,27.66],[-112.33,27.52],[-112.28,27.35],[-112.19,27.19],[-112.1,27.15],[-112.0,27.08],[-112.02,27.01],[-112.01,26.97],[-111.88,26.84],[-111.86,26.68],[-111.75,26.57],[-111.72,26.56],[-111.7,26.58],[-111.78,26.69],[-111.82,26.76],[-111.82,26.87],[-111.79,26.88],[-111.57,26.71],[-111.55,26.58],[-111.47,26.51],[-111.47,26.41],[-111.42,26.35],[-111.4,26.26],[-111.33,26.13],[-111.33,25.93],[-111.29,25.79],[-111.15,25.57],[-111.03,25.53],[-111.01,25.42],[-110.89,25.14],[-110.76,24.99],[-110.69,24.87],[-110.68,24.79],[-110.73,24.67],[-110.74,24.59],[-110.66,24.34],[-110.55,24.21],[-110.42,24.18],[-110.4,24.17],[-110.41,24.13],[-110.37,24.1],[-110.32,24.14],[-110.3,24.2],[-110.32,24.26],[-110.32,24.31],[-110.3,24.34],[-110.26,24.34],[-110.02,24.17],[-109.98,24.11],[-109.89,24.03],[-109.81,23.94],[-109.78,23.87],[-109.71,23.8],[-109.68,23.66],[-109.51,23.6],[-109.42,23.48],[-109.41,23.41],[-109.46,23.21],[-109.5,23.16],[-109.63,23.08],[-109.73,22.98],[-109.82,22.92],[-109.92,22.89],[-110.0,22.89],[-110.09,23.01],[-110.18,23.34],[-110.25,23.41],[-110.29,23.52],[-110.36,23.61],[-110.63,23.74],[-110.76,23.88],[-110.9,23.97],[-111.04,24.11],[-111.42,24.33],[-111.58,24.44],[-111.68,24.56],[-111.75,24.55],[-111.8,24.54],[-111.82,24.57],[-111.83,24.63],[-111.85,24.67],[-112.07,24.84],[-112.12,24.93],[-112.13,25.04],[-112.08,25.32],[-112.06,25.49],[-112.07,25.57],[-112.09,25.58],[-112.11,25.63],[-112.12,25.77],[-112.18,25.91],[-112.38,26.21],[-112.52,26.27],[-112.66,26.32],[-113.02,26.58],[-113.12,26.72],[-113.14,26.79],[-113.15,26.95],[-113.2,26.86],[-113.27,26.79],[-113.42,26.8],[-113.6,26.72],[-113.7,26.79],[-113.76,26.87],[-113.84,26.97],[-113.94,26.99],[-114.0,26.99],[-114.11,27.11],[-114.2,27.14],[-114.33,27.16],[-114.45,27.22],[-114.48,27.28],[-114.5,27.38],[-114.54,27.43],[-114.72,27.54],[-114.86,27.66],[-114.99,27.74],[-115.03,27.8],[-115.04,27.84],[-114.82,27.83],[-114.57,27.78],[-114.45,27.8],[-114.37,27.84],[-114.3,27.87],[-114.29,27.84],[-114.3,27.77],[-114.23,27.72],[-114.14,27.67],[-114.07,27.68],[-114.13,27.73],[-114.18,27.83],[-114.16,27.87],[-114.16,27.92],[-114.25,27.91],[-114.27,27.93],[-114.18,28.01],[-114.09,28.22],[-114.05,28.43],[-114.14,28.6],[-114.31,28.73],[-114.66,29.09],[-114.88,29.28],[-114.94,29.35],[-114.99,29.38],[-115.17,29.43],[-115.31,29.53],[-115.57,29.68],[-115.67,29.76],[-115.75,29.94],[-115.81,29.96],[-115.79,30.08],[-115.81,30.3],[-115.86,30.36],[-115.99,30.41],[-116.03,30.56],[-116.03,30.71],[-116.06,30.8],[-116.3,30.97],[-116.31,31.05],[-116.31,31.13],[-116.33,31.2],[-116.46,31.36],[-116.61,31.5],[-116.66,31.56],[-116.67,31.7],[-116.72,31.73],[-116.7,31.74],[-116.65,31.74],[-116.62,31.76],[-116.62,31.85],[-116.85,32.0],[-116.91,32.2],[-117.04,32.3],[-117.06,32.34],[-117.13,32.53]]],[[[-86.94,20.3],[-86.99,20.27],[-87.02,20.38],[-86.98,20.49],[-86.93,20.55],[-86.83,20.56],[-86.76,20.58],[-86.76,20.55],[-86.81,20.47],[-86.94,20.3]]],[[[-106.5,21.61],[-106.53,21.53],[-106.61,21.56],[-106.63,21.61],[-106.64,21.7],[-106.6,21.71],[-106.54,21.68],[-106.52,21.65],[-106.5,21.61]]],[[[-110.92,18.74],[-110.98,18.72],[-111.06,18.78],[-111.04,18.83],[-110.99,18.86],[-110.94,18.8],[-110.92,18.74]]],[[[-110.57,25.0],[-110.54,24.89],[-110.59,24.91],[-110.66,24.97],[-110.7,25.05],[-110.7,25.08],[-110.69,25.09],[-110.59,25.04],[-110.57,25.0]]],[[[-113.15,29.05],[-113.16,29.04],[-113.27,29.1],[-113.5,29.31],[-113.58,29.41],[-113.59,29.46],[-113.59,29.57],[-113.51,29.56],[-113.42,29.49],[-113.37,29.42],[-113.37,29.34],[-113.2,29.3],[-113.18,29.13],[-113.15,29.05]]],[[[-115.17,28.07],[-115.18,28.04],[-115.35,28.1],[-115.26,28.22],[-115.27,28.34],[-115.23,28.37],[-115.2,28.33],[-115.15,28.17],[-115.17,28.07]]],[[[-112.2,29.01],[-112.28,28.77],[-112.36,28.77],[-112.51,28.85],[-112.53,28.89],[-112.47,29.17],[-112.42,29.2],[-112.28,29.24],[-112.26,29.21],[-112.25,29.13],[-112.2,29.01]]],[[[-118.24,28.94],[-118.28,28.9],[-118.4,29.11],[-118.4,29.16],[-118.37,29.19],[-118.31,29.18],[-118.31,29.13],[-118.27,29.09],[-118.25,29.04],[-118.24,28.94]]],[[[-86.71,21.24],[-86.7,21.19],[-86.71,21.2],[-86.74,21.23],[-86.75,21.28],[-86.74,21.28],[-86.73,21.26],[-86.71,21.24]]],[[[-91.68,18.68],[-91.8,18.65],[-91.82,18.68],[-91.59,18.78],[-91.55,18.77],[-91.54,18.76],[-91.66,18.71],[-91.68,18.68]]],[[[-109.81,24.15],[-109.83,24.15],[-109.88,24.2],[-109.9,24.33],[-109.89,24.34],[-109.79,24.18],[-109.8,24.16],[-109.81,24.15]]],[[[-114.7,31.71],[-114.73,31.7],[-114.79,31.75],[-114.79,31.79],[-114.77,31.79],[-114.71,31.76],[-114.69,31.72],[-114.7,31.71]]],[[[-111.1,26.02],[-111.09,25.99],[-111.1,25.97],[-111.13,26.0],[-111.2,25.85],[-111.22,25.84],[-111.18,26.04],[-111.14,26.07],[-111.09,26.08],[-111.1,26.02]]],[[[-111.7,24.39],[-111.71,24.35],[-112.01,24.53],[-111.94,24.55],[-111.86,24.54],[-111.7,24.39]]],[[[-112.06,24.55],[-112.08,24.53],[-112.16,24.65],[-112.18,24.73],[-112.21,24.76],[-112.3,24.79],[-112.22,24.95],[-112.16,25.29],[-112.13,25.22],[-112.2,24.89],[-112.19,24.84],[-112.16,24.8],[-112.13,24.73],[-112.12,24.65],[-112.07,24.58],[-112.06,24.55]]]]}},{"type":"Feature","properties":{"name":"Jamaica"},"geometry":{"type":"Polygon","coordinates":[[[-77.26,18.46],[-77.14,18.42],[-77.01,18.4],[-76.96,18.4],[-76.91,18.39],[-76.79,18.31],[-76.7,18.26],[-76.35,18.15],[-76.23,17.97],[-76.21,17.91],[-76.3,17.88],[-76.42,17.87],[-76.52,17.87],[-76.62,17.9],[-76.67,17.93],[-76.77,17.94],[-76.75,17.96],[-76.79,17.98],[-76.85,17.97],[-76.89,17.9],[-76.95,17.85],[-77.04,17.85],[-77.07,17.9],[-77.12,17.88],[-77.16,17.85],[-77.2,17.71],[-77.28,17.78],[-77.36,17.83],[-77.46,17.86],[-77.67,17.86],[-77.77,17.88],[-77.85,17.99],[-77.88,18.02],[-77.96,18.05],[-78.04,18.17],[-78.07,18.19],[-78.3,18.22],[-78.34,18.29],[-78.32,18.35],[-78.25,18.43],[-78.22,18.45],[-78.09,18.45],[-77.98,18.47],[-77.93,18.5],[-77.87,18.52],[-77.45,18.47],[-77.36,18.47],[-77.26,18.46]]]}},{"type":"Feature","properties":{"name":"Honduras"},"geometry":{"type":"MultiPolygon","coordinates":[[[[-83.16,14.99],[-83.41,15.01],[-83.54,14.98],[-83.59,14.91],[-83.63,14.88],[-83.67,14.88],[-83.75,14.86],[-83.87,14.79],[-83.97,14.77],[-84.07,14.79],[-84.09,14.77],[-84.1,14.75],[-84.11,14.73],[-84.15,14.72],[-84.19,14.73],[-84.24,14.75],[-84.26,14.74],[-84.27,14.7],[-84.29,14.69],[-84.34,14.71],[-84.39,14.69],[-84.46,14.64],[-84.54,14.63],[-84.65,14.66],[-84.73,14.71],[-84.79,14.79],[-84.86,14.81],[-84.98,14.75],[-85.04,14.69],[-85.05,14.65],[-85.04,14.61],[-85.06,14.58],[-85.12,14.57],[-85.16,14.53],[-85.19,14.45],[-85.2,14.39],[-85.18,14.34],[-85.21,14.31],[-85.28,14.29],[-85.37,14.22],[-85.48,14.11],[-85.58,14.03],[-85.68,13.98],[-85.73,13.93],[-85.73,13.88],[-85.73,13.86],[-85.75,13.85],[-85.79,13.85],[-85.99,13.97],[-86.04,14.05],[-86.09,14.04],[-86.15,13.99],[-86.24,13.9],[-86.33,13.77],[-86.38,13.75],[-86.61,13.77],[-86.73,13.76],[-86.76,13.75],[-86.77,13.7],[-86.76,13.64],[-86.73,13.41],[-86.71,13.31],[-86.73,13.28],[-86.79,13.28],[-86.87,13.27],[-86.92,13.22],[-86.93,13.18],[-86.93,13.12],[-86.96,13.05],[-87.01,13.01],[-87.06,12.99],[-87.34,12.98],[-87.33,13.08],[-87.41,13.13],[-87.46,13.22],[-87.5,13.27],[-87.49,13.31],[-87.49,13.35],[-87.6,13.39],[-87.71,13.36],[-87.77,13.38],[-87.81,13.4],[-87.74,13.45],[-87.73,13.48],[-87.76,13.51],[-87.78,13.52],[-87.77,13.58],[-87.76,13.65],[-87.72,13.81],[-87.73,13.84],[-87.8,13.89],[-87.89,13.9],[-87.99,13.88],[-88.04,13.9],[-88.08,13.96],[-88.15,13.99],[-88.27,13.94],[-88.41,13.87],[-88.45,13.85],[-88.48,13.85],[-88.5,13.9],[-88.51,13.97],[-88.51,13.98],[-88.58,14.0],[-88.67,14.02],[-88.71,14.03],[-88.75,14.07],[-88.85,14.12],[-88.87,14.16],[-89.0,14.25],[-89.03,14.3],[-89.06,14.33],[-89.12,14.37],[-89.17,14.36],[-89.34,14.41],[-89.36,14.42],[-89.34,14.46],[-89.29,14.53],[-89.17,14.61],[-89.16,14.67],[-89.19,14.79],[-89.22,14.87],[-89.21,14.9],[-89.17,15.04],[-89.14,15.07],[-88.98,15.14],[-88.96,15.15],[-88.83,15.25],[-88.69,15.36],[-88.53,15.48],[-88.36,15.62],[-88.27,15.69],[-88.23,15.73],[-88.13,15.7],[-88.06,15.77],[-88.01,15.79],[-87.91,15.86],[-87.88,15.88],[-87.7,15.91],[-87.62,15.91],[-87.54,15.83],[-87.49,15.79],[-87.38,15.83],[-87.28,15.83],[-86.91,15.76],[-86.76,15.79],[-86.48,15.8],[-86.36,15.78],[-86.18,15.89],[-86.07,15.91],[-85.93,15.95],[-85.95,16.0],[-85.99,16.02],[-85.78,16.0],[-85.48,15.9],[-85.16,15.92],[-85.05,15.97],[-84.97,15.99],[-84.65,15.88],[-84.56,15.8],[-84.49,15.79],[-84.44,15.81],[-84.43,15.83],[-84.49,15.85],[-84.52,15.87],[-84.26,15.82],[-83.77,15.44],[-83.76,15.41],[-83.97,15.52],[-84.08,15.51],[-84.11,15.49],[-84.11,15.43],[-84.1,15.4],[-84.05,15.4],[-84.01,15.41],[-83.93,15.39],[-83.87,15.35],[-83.8,15.29],[-83.76,15.22],[-83.72,15.22],[-83.67,15.26],[-83.59,15.27],[-83.54,15.22],[-83.5,15.22],[-83.55,15.29],[-83.68,15.37],[-83.65,15.37],[-83.37,15.24],[-83.29,15.08],[-83.22,15.04],[-83.16,14.99]]],[[[-86.42,16.38],[-86.58,16.3],[-86.63,16.3],[-86.56,16.36],[-86.44,16.41],[-86.34,16.44],[-86.26,16.43],[-86.42,16.38]]],[[[-85.87,16.46],[-85.95,16.4],[-85.96,16.43],[-85.92,16.48],[-85.88,16.51],[-85.83,16.51],[-85.84,16.49],[-85.87,16.46]]]]}},{"type":"Feature","properties":{"name":"Haiti"},"geometry":{"type":"MultiPolygon","coordinates":[[[[-71.78,19.72],[-71.76,19.69],[-71.71,19.49],[-71.71,19.42],[-71.75,19.32],[-71.75,19.29],[-71.65,19.2],[-71.65,19.16],[-71.66,19.13],[-71.74,19.05],[-71.81,18.99],[-71.79,18.92],[-71.73,18.86],[-71.73,18.8],[-71.74,18.73],[-71.82,18.65],[-71.87,18.61],[-71.99,18.61],[-72.0,18.6],[-71.94,18.51],[-71.87,18.42],[-71.76,18.34],[-71.74,18.27],[-71.76,18.2],[-71.77,18.04],[-71.85,18.12],[-71.94,18.19],[-72.0,18.21],[-72.06,18.23],[-72.5,18.22],[-72.55,18.21],[-72.59,18.19],[-72.63,18.18],[-72.75,18.16],[-72.88,18.15],[-73.16,18.21],[-73.27,18.23],[-73.38,18.25],[-73.51,18.25],[-73.64,18.23],[-73.75,18.19],[-73.82,18.12],[-73.84,18.06],[-73.89,18.04],[-73.99,18.14],[-74.09,18.21],[-74.19,18.27],[-74.42,18.35],[-74.46,18.39],[-74.48,18.45],[-74.39,18.62],[-74.28,18.66],[-74.23,18.66],[-74.1,18.64],[-73.98,18.6],[-73.86,18.58],[-73.69,18.57],[-73.59,18.52],[-72.92,18.46],[-72.79,18.44],[-72.74,18.44],[-72.7,18.47],[-72.66,18.52],[-72.62,18.55],[-72.42,18.56],[-72.38,18.57],[-72.35,18.62],[-72.35,18.67],[-72.47,18.74],[-72.65,18.89],[-72.81,19.07],[-72.74,19.13],[-72.77,19.24],[-72.74,19.34],[-72.7,19.44],[-72.86,19.53],[-73.05,19.61],[-73.32,19.64],[-73.4,19.66],[-73.44,19.72],[-73.4,19.81],[-73.32,19.86],[-73.22,19.88],[-73.12,19.9],[-72.88,19.93],[-72.64,19.9],[-72.43,19.81],[-72.22,19.74],[-71.96,19.72],[-71.83,19.7],[-71.78,19.72]]],[[[-72.81,18.78],[-72.82,18.71],[-73.08,18.79],[-73.28,18.9],[-73.28,18.95],[-73.17,18.97],[-73.07,18.93],[-72.92,18.86],[-72.81,18.78]]],[[[-72.66,20.04],[-72.62,20.02],[-72.64,19.99],[-72.74,20.0],[-72.84,20.04],[-72.88,20.03],[-72.9,20.03],[-72.96,20.06],[-72.91,20.09],[-72.85,20.09],[-72.79,20.09],[-72.66,20.04]]]]}},{"type":"Feature","properties":{"name":"Guyana"},"geometry":{"type":"Polygon","coordinates":[[[-60.74,5.2],[-60.95,5.44],[-61.17,5.67],[-61.38,5.91],[-61.39,5.94],[-61.3,6.05],[-61.22,6.13],[-61.16,6.17],[-61.13,6.21],[-61.15,6.39],[-61.15,6.45],[-61.18,6.51],[-61.2,6.59],[-61.18,6.65],[-61.14,6.69],[-61.11,6.71],[-61.01,6.73],[-60.94,6.73],[-60.91,6.76],[-60.87,6.79],[-60.82,6.79],[-60.72,6.77],[-60.67,6.81],[-60.59,6.86],[-60.4,6.94],[-60.35,7.0],[-60.32,7.09],[-60.32,7.13],[-60.35,7.15],[-60.39,7.17],[-60.46,7.17],[-60.52,7.14],[-60.58,7.16],[-60.63,7.21],[-60.64,7.26],[-60.6,7.32],[-60.62,7.36],[-60.72,7.5],[-60.72,7.54],[-60.65,7.6],[-60.61,7.65],[-60.56,7.77],[-60.51,7.81],[-60.38,7.83],[-60.35,7.85],[-60.28,7.92],[-60.18,7.99],[-60.03,8.05],[-59.99,8.16],[-59.96,8.19],[-59.85,8.25],[-59.83,8.28],[-59.83,8.31],[-60.02,8.55],[-59.98,8.53],[-59.84,8.37],[-59.76,8.34],[-59.74,8.34],[-59.74,8.38],[-59.67,8.36],[-59.48,8.25],[-59.2,8.07],[-58.81,7.74],[-58.7,7.61],[-58.63,7.55],[-58.51,7.4],[-58.48,7.33],[-58.48,7.04],[-58.58,6.84],[-58.61,6.7],[-58.61,6.5],[-58.67,6.39],[-58.59,6.45],[-58.57,6.63],[-58.5,6.73],[-58.42,6.85],[-58.3,6.88],[-58.17,6.83],[-58.07,6.82],[-57.98,6.79],[-57.79,6.6],[-57.61,6.45],[-57.54,6.33],[-57.34,6.27],[-57.23,6.18],[-57.19,6.1],[-57.17,5.89],[-57.21,5.56],[-57.2,5.55],[-57.25,5.48],[-57.26,5.44],[-57.29,5.37],[-57.32,5.34],[-57.28,5.25],[-57.24,5.24],[-57.22,5.23],[-57.21,5.21],[-57.21,5.19],[-57.23,5.18],[-57.27,5.16],[-57.31,5.11],[-57.31,5.05],[-57.33,5.02],[-57.41,5.0],[-57.57,5.0],[-57.65,5.0],[-57.71,4.99],[-57.75,4.96],[-57.8,4.93],[-57.84,4.92],[-57.88,4.88],[-57.92,4.82],[-57.9,4.78],[-57.87,4.72],[-57.85,4.67],[-57.88,4.58],[-57.9,4.51],[-57.93,4.45],[-57.95,4.35],[-58.01,4.24],[-58.06,4.17],[-58.06,4.1],[-58.03,4.0],[-57.91,3.86],[-57.87,3.79],[-57.83,3.68],[-57.72,3.59],[-57.65,3.52],[-57.66,3.42],[-57.65,3.39],[-57.6,3.37],[-57.55,3.35],[-57.49,3.35],[-57.44,3.36],[-57.43,3.38],[-57.3,3.38],[-57.29,3.35],[-57.28,3.22],[-57.28,3.16],[-57.25,3.14],[-57.23,3.11],[-57.23,3.08],[-57.22,3.0],[-57.21,2.96],[-57.21,2.88],[-57.2,2.85],[-57.16,2.83],[-57.12,2.77],[-57.11,2.77],[-57.1,2.75],[-57.06,2.67],[-57.04,2.64],[-57.03,2.64],[-57.02,2.61],[-57.0,2.53],[-56.98,2.51],[-56.94,2.46],[-56.93,2.39],[-56.89,2.33],[-56.84,2.28],[-56.82,2.23],[-56.76,2.12],[-56.71,2.04],[-56.63,2.02],[-56.56,2.01],[-56.52,1.97],[-56.48,1.94],[-56.53,1.93],[-56.56,1.91],[-56.62,1.92],[-56.69,1.91],[-56.77,1.89],[-56.84,1.88],[-56.97,1.92],[-57.01,1.92],[-57.04,1.94],[-57.09,2.01],[-57.12,2.01],[-57.19,1.98],[-57.27,1.96],[-57.32,1.96],[-57.37,1.94],[-57.41,1.91],[-57.5,1.77],[-57.54,1.73],[-57.6,1.7],[-57.69,1.71],[-57.8,1.7],[-57.87,1.67],[-57.95,1.65],[-57.98,1.65],[-57.99,1.58],[-58.01,1.54],[-58.03,1.52],[-58.09,1.51],[-58.14,1.52],[-58.17,1.55],[-58.23,1.56],[-58.28,1.58],[-58.32,1.59],[-58.34,1.59],[-58.36,1.56],[-58.38,1.53],[-58.39,1.48],[-58.47,1.47],[-58.51,1.44],[-58.49,1.35],[-58.5,1.31],[-58.51,1.29],[-58.61,1.28],[-58.69,1.28],[-58.73,1.25],[-58.79,1.21],[-58.82,1.2],[-58.86,1.2],[-58.92,1.25],[-58.97,1.3],[-59.1,1.34],[-59.23,1.38],[-59.32,1.46],[-59.34,1.51],[-59.38,1.53],[-59.48,1.63],[-59.54,1.7],[-59.6,1.72],[-59.67,1.75],[-59.67,1.8],[-59.67,1.84],[-59.7,1.86],[-59.74,1.87],[-59.76,1.9],[-59.75,1.96],[-59.74,2.12],[-59.76,2.27],[-59.85,2.33],[-59.89,2.36],[-59.96,2.59],[-59.99,2.69],[-60.0,2.77],[-59.97,2.99],[-59.95,3.09],[-59.87,3.28],[-59.83,3.35],[-59.83,3.4],[-59.83,3.46],[-59.86,3.59],[-59.73,3.67],[-59.68,3.7],[-59.67,3.75],[-59.6,3.82],[-59.58,3.88],[-59.55,3.93],[-59.56,3.96],[-59.59,3.98],[-59.62,4.02],[-59.69,4.16],[-59.72,4.19],[-59.74,4.23],[-59.73,4.29],[-59.7,4.35],[-59.7,4.38],[-59.74,4.42],[-59.83,4.48],[-59.91,4.48],[-59.96,4.5],[-60.05,4.5],[-60.11,4.51],[-60.15,4.53],[-60.14,4.57],[-60.13,4.6],[-60.07,4.67],[-60.03,4.74],[-60.03,4.81],[-60.01,4.91],[-60.0,4.99],[-59.99,5.08],[-60.08,5.14],[-60.1,5.19],[-60.14,5.24],[-60.18,5.24],[-60.24,5.26],[-60.33,5.2],[-60.41,5.21],[-60.46,5.19],[-60.58,5.19],[-60.65,5.22],[-60.74,5.2]]]}},{"type":"Feature","properties":{"name":"Guatemala"},"geometry":{"type":"Polygon","coordinates":[[[-92.23,14.54],[-92.21,14.57],[-92.19,14.63],[-92.16,14.69],[-92.18,14.76],[-92.19,14.82],[-92.16,14.9],[-92.16,14.96],[-92.14,15.0],[-92.1,15.03],[-92.08,15.07],[-92.21,15.24],[-92.21,15.28],[-92.19,15.32],[-92.08,15.5],[-91.96,15.7],[-91.82,15.93],[-91.74,16.07],[-91.44,16.07],[-91.23,16.07],[-90.98,16.07],[-90.7,16.07],[-90.52,16.07],[-90.45,16.07],[-90.46,16.16],[-90.45,16.26],[-90.42,16.35],[-90.42,16.39],[-90.47,16.44],[-90.58,16.47],[-90.63,16.51],[-90.63,16.57],[-90.66,16.63],[-90.71,16.71],[-90.82,16.79],[-90.97,16.87],[-91.11,16.98],[-91.22,17.11],[-91.32,17.2],[-91.39,17.24],[-91.41,17.26],[-91.19,17.25],[-90.99,17.25],[-90.99,17.45],[-90.99,17.62],[-90.99,17.82],[-90.62,17.82],[-90.18,17.82],[-89.73,17.82],[-89.37,17.82],[-89.16,17.82],[-89.17,17.57],[-89.18,17.29],[-89.19,17.08],[-89.2,16.81],[-89.21,16.53],[-89.23,16.14],[-89.24,15.89],[-89.23,15.89],[-89.11,15.9],[-88.94,15.89],[-88.89,15.89],[-88.84,15.87],[-88.8,15.86],[-88.71,15.81],[-88.6,15.76],[-88.54,15.85],[-88.57,15.9],[-88.6,15.93],[-88.6,15.95],[-88.23,15.73],[-88.27,15.69],[-88.36,15.62],[-88.53,15.48],[-88.69,15.36],[-88.83,15.25],[-88.96,15.15],[-88.98,15.14],[-89.14,15.07],[-89.17,15.04],[-89.21,14.9],[-89.22,14.87],[-89.19,14.79],[-89.16,14.67],[-89.17,14.61],[-89.29,14.53],[-89.34,14.46],[-89.36,14.42],[-89.38,14.43],[-89.42,14.43],[-89.5,14.41],[-89.54,14.41],[-89.57,14.39],[-89.58,14.35],[-89.56,14.28],[-89.55,14.24],[-89.57,14.23],[-89.67,14.18],[-89.71,14.14],[-89.75,14.08],[-89.79,14.05],[-89.84,14.06],[-89.87,14.04],[-89.94,14.0],[-90.05,13.9],[-90.1,13.83],[-90.11,13.78],[-90.1,13.74],[-90.48,13.9],[-90.61,13.93],[-91.15,13.93],[-91.38,13.99],[-91.64,14.11],[-91.82,14.23],[-92.23,14.54]]]}},{"type":"Feature","properties":{"name":"Grenada"},"geometry":{"type":"Polygon","coordinates":[[[-61.72,12.01],[-61.78,12.01],[-61.76,12.05],[-61.75,12.11],[-61.71,12.19],[-61.66,12.24],[-61.61,12.22],[-61.63,12.05],[-61.72,12.01]]]}},{"type":"Feature","properties":{"name":"St-Martin"},"geometry":{"type":"Polygon","coordinates":[[[-63.01,18.07],[-63.12,18.07],[-63.11,18.09],[-63.06,18.12],[-63.02,18.11],[-63.01,18.1],[-63.01,18.07]]]}},{"type":"Feature","properties":{"name":"St-Barth\u00e9lemy"},"geometry":{"type":"Polygon","coordinates":[[[-62.83,17.88],[-62.85,17.87],[-62.86,17.88],[-62.87,17.9],[-62.88,17.91],[-62.87,17.92],[-62.8,17.91],[-62.81,17.9],[-62.82,17.88],[-62.83,17.88]]]}},{"type":"Feature","properties":{"name":"El Salvador"},"geometry":{"type":"Polygon","coordinates":[[[-89.36,14.42],[-89.34,14.41],[-89.17,14.36],[-89.12,14.37],[-89.06,14.33],[-89.03,14.3],[-89.0,14.25],[-88.87,14.16],[-88.85,14.12],[-88.75,14.07],[-88.71,14.03],[-88.67,14.02],[-88.58,14.0],[-88.51,13.98],[-88.51,13.97],[-88.5,13.9],[-88.48,13.85],[-88.45,13.85],[-88.41,13.87],[-88.27,13.94],[-88.15,13.99],[-88.08,13.96],[-88.04,13.9],[-87.99,13.88],[-87.89,13.9],[-87.8,13.89],[-87.73,13.84],[-87.72,13.81],[-87.76,13.65],[-87.77,13.58],[-87.78,13.52],[-87.76,13.51],[-87.73,13.48],[-87.74,13.45],[-87.81,13.4],[-87.84,13.39],[-87.82,13.28],[-87.88,13.22],[-87.93,13.18],[-88.02,13.17],[-88.18,13.16],[-88.42,13.21],[-88.59,13.28],[-88.69,13.28],[-88.66,13.26],[-88.58,13.24],[-88.48,13.2],[-88.51,13.18],[-88.87,13.28],[-89.28,13.48],[-89.52,13.51],[-89.8,13.56],[-89.97,13.68],[-90.1,13.74],[-90.11,13.78],[-90.1,13.83],[-90.05,13.9],[-89.94,14.0],[-89.87,14.04],[-89.84,14.06],[-89.79,14.05],[-89.75,14.08],[-89.71,14.14],[-89.67,14.18],[-89.57,14.23],[-89.55,14.24],[-89.56,14.28],[-89.58,14.35],[-89.57,14.39],[-89.54,14.41],[-89.5,14.41],[-89.42,14.43],[-89.38,14.43],[-89.36,14.42]]]}},{"type":"Feature","properties":{"name":"Ecuador"},"geometry":{"type":"MultiPolygon","coordinates":[[[[-75.29,-0.11],[-75.34,-0.14],[-75.4,-0.15],[-75.48,-0.16],[-75.58,-0.12],[-75.63,-0.12],[-75.63,-0.16],[-75.56,-0.2],[-75.49,-0.25],[-75.47,-0.32],[-75.43,-0.41],[-75.33,-0.51],[-75.26,-0.55],[-75.26,-0.59],[-75.28,-0.65],[-75.28,-0.71],[-75.25,-0.95],[-75.27,-0.97],[-75.31,-0.97],[-75.35,-0.97],[-75.38,-0.94],[-75.41,-0.92],[-75.42,-0.96],[-75.45,-1.07],[-75.51,-1.32],[-75.57,-1.53],[-75.64,-1.61],[-75.74,-1.73],[-75.89,-1.89],[-76.09,-2.13],[-76.24,-2.24],[-76.36,-2.33],[-76.5,-2.43],[-76.68,-2.56],[-76.88,-2.64],[-77.16,-2.74],[-77.36,-2.81],[-77.51,-2.86],[-77.66,-2.91],[-77.86,-2.98],[-77.94,-3.05],[-78.07,-3.21],[-78.13,-3.28],[-78.18,-3.35],[-78.19,-3.38],[-78.19,-3.4],[-78.16,-3.43],[-78.16,-3.46],[-78.19,-3.49],[-78.23,-3.49],[-78.24,-3.47],[-78.25,-3.44],[-78.28,-3.4],[-78.32,-3.39],[-78.35,-3.4],[-78.35,-3.43],[-78.4,-3.59],[-78.4,-3.67],[-78.42,-3.71],[-78.42,-3.78],[-78.47,-3.84],[-78.49,-3.9],[-78.51,-3.95],[-78.55,-3.99],[-78.57,-4.04],[-78.6,-4.16],[-78.65,-4.25],[-78.68,-4.33],[-78.68,-4.38],[-78.66,-4.42],[-78.65,-4.46],[-78.67,-4.52],[-78.69,-4.56],[-78.74,-4.59],[-78.86,-4.67],[-78.91,-4.71],[-78.93,-4.77],[-78.91,-4.82],[-78.92,-4.86],[-78.98,-4.87],[-78.99,-4.91],[-79.03,-4.97],[-79.08,-4.99],[-79.19,-4.96],[-79.27,-4.96],[-79.33,-4.93],[-79.4,-4.84],[-79.45,-4.77],[-79.5,-4.67],[-79.52,-4.54],[-79.58,-4.5],[-79.64,-4.46],[-79.71,-4.47],[-79.8,-4.48],[-79.84,-4.45],[-79.96,-4.39],[-80.06,-4.33],[-80.14,-4.3],[-80.2,-4.31],[-80.23,-4.35],[-80.29,-4.42],[-80.38,-4.46],[-80.42,-4.46],[-80.48,-4.43],[-80.49,-4.39],[-80.44,-4.34],[-80.35,-4.21],[-80.46,-4.21],[-80.49,-4.17],[-80.5,-4.12],[-80.51,-4.07],[-80.49,-4.01],[-80.44,-3.98],[-80.36,-4.0],[-80.3,-4.0],[-80.27,-3.95],[-80.23,-3.92],[-80.19,-3.91],[-80.18,-3.88],[-80.22,-3.79],[-80.23,-3.74],[-80.22,-3.71],[-80.22,-3.65],[-80.22,-3.61],[-80.24,-3.58],[-80.25,-3.52],[-80.26,-3.49],[-80.27,-3.46],[-80.27,-3.42],[-80.3,-3.41],[-80.33,-3.39],[-80.3,-3.37],[-80.16,-3.32],[-80.1,-3.27],[-80.03,-3.23],[-79.96,-3.16],[-79.92,-3.09],[-79.82,-2.78],[-79.73,-2.58],[-79.75,-2.49],[-79.82,-2.36],[-79.84,-2.17],[-79.83,-2.11],[-79.84,-2.07],[-79.89,-2.15],[-79.88,-2.42],[-79.93,-2.55],[-79.99,-2.58],[-80.03,-2.56],[-80.01,-2.35],[-80.05,-2.39],[-80.13,-2.53],[-80.25,-2.63],[-80.25,-2.66],[-80.29,-2.71],[-80.38,-2.67],[-80.45,-2.63],[-80.69,-2.4],[-80.84,-2.35],[-80.93,-2.27],[-80.95,-2.24],[-80.96,-2.19],[-80.87,-2.14],[-80.77,-2.08],[-80.76,-1.94],[-80.76,-1.82],[-80.83,-1.63],[-80.8,-1.38],[-80.82,-1.29],[-80.9,-1.08],[-80.84,-0.98],[-80.62,-0.9],[-80.55,-0.85],[-80.51,-0.68],[-80.46,-0.59],[-80.36,-0.62],[-80.28,-0.62],[-80.38,-0.58],[-80.47,-0.44],[-80.48,-0.37],[-80.32,-0.17],[-80.24,-0.11],[-80.14,-0.01],[-80.05,0.16],[-80.02,0.41],[-80.06,0.59],[-80.09,0.79],[-80.03,0.83],[-79.9,0.86],[-79.8,0.92],[-79.74,0.98],[-79.61,0.97],[-79.47,1.06],[-79.23,1.1],[-78.9,1.21],[-78.83,1.3],[-78.86,1.46],[-78.83,1.43],[-78.74,1.36],[-78.68,1.28],[-78.59,1.24],[-78.51,1.2],[-78.31,1.05],[-78.18,0.97],[-78.04,0.9],[-77.83,0.83],[-77.7,0.84],[-77.67,0.78],[-77.65,0.72],[-77.6,0.69],[-77.52,0.66],[-77.48,0.65],[-77.47,0.64],[-77.42,0.42],[-77.4,0.39],[-77.29,0.36],[-77.16,0.35],[-77.11,0.35],[-77.0,0.3],[-76.92,0.27],[-76.83,0.25],[-76.77,0.24],[-76.74,0.25],[-76.73,0.27],[-76.68,0.27],[-76.6,0.24],[-76.5,0.23],[-76.43,0.26],[-76.42,0.3],[-76.41,0.38],[-76.39,0.41],[-76.31,0.45],[-76.27,0.44],[-76.07,0.35],[-76.03,0.31],[-75.97,0.25],[-75.88,0.15],[-75.78,0.09],[-75.62,0.06],[-75.47,-0.04],[-75.29,-0.11]]],[[[-80.13,-2.97],[-80.15,-3.01],[-80.25,-3.01],[-80.27,-3.0],[-80.27,-2.95],[-80.25,-2.81],[-80.23,-2.75],[-80.15,-2.7],[-80.08,-2.67],[-80.0,-2.67],[-79.91,-2.72],[-80.01,-2.82],[-80.07,-2.83],[-80.09,-2.85],[-80.13,-2.97]]],[[[-78.91,1.25],[-78.96,1.25],[-78.99,1.29],[-78.92,1.35],[-78.9,1.36],[-78.91,1.25]]],[[[-90.33,-0.77],[-90.39,-0.77],[-90.54,-0.68],[-90.53,-0.58],[-90.47,-0.52],[-90.27,-0.49],[-90.19,-0.54],[-90.19,-0.66],[-90.26,-0.74],[-90.32,-0.76],[-90.33,-0.77]]],[[[-89.42,-0.91],[-89.54,-0.95],[-89.58,-0.93],[-89.6,-0.91],[-89.61,-0.89],[-89.54,-0.83],[-89.48,-0.79],[-89.42,-0.72],[-89.32,-0.68],[-89.29,-0.69],[-89.27,-0.7],[-89.26,-0.73],[-89.29,-0.79],[-89.36,-0.83],[-89.42,-0.91]]],[[[-91.42,-0.46],[-91.53,-0.48],[-91.61,-0.44],[-91.65,-0.39],[-91.66,-0.31],[-91.65,-0.28],[-91.46,-0.26],[-91.4,-0.32],[-91.4,-0.42],[-91.42,-0.46]]],[[[-90.42,-1.34],[-90.46,-1.34],[-90.52,-1.3],[-90.48,-1.22],[-90.43,-1.24],[-90.4,-1.26],[-90.38,-1.29],[-90.42,-1.34]]],[[[-91.27,0.02],[-91.21,-0.04],[-91.18,-0.22],[-90.97,-0.42],[-90.95,-0.53],[-90.97,-0.58],[-90.96,-0.59],[-90.86,-0.67],[-90.8,-0.75],[-90.91,-0.94],[-91.13,-1.02],[-91.37,-1.02],[-91.42,-1.0],[-91.48,-0.92],[-91.5,-0.86],[-91.46,-0.8],[-91.33,-0.71],[-91.14,-0.62],[-91.12,-0.56],[-91.2,-0.5],[-91.25,-0.37],[-91.37,-0.29],[-91.43,-0.02],[-91.47,-0.01],[-91.55,-0.05],[-91.59,-0.01],[-91.6,0.0],[-91.51,0.06],[-91.49,0.1],[-91.36,0.13],[-91.31,0.09],[-91.27,0.02]]],[[[-90.58,-0.33],[-90.62,-0.36],[-90.81,-0.33],[-90.87,-0.27],[-90.82,-0.19],[-90.78,-0.16],[-90.67,-0.19],[-90.55,-0.28],[-90.58,-0.33]]]]}},{"type":"Feature","properties":{"name":"Dominican Rep."},"geometry":{"type":"Polygon","coordinates":[[[-71.77,18.04],[-71.76,18.2],[-71.74,18.27],[-71.76,18.34],[-71.87,18.42],[-71.94,18.51],[-72.0,18.6],[-71.99,18.61],[-71.87,18.61],[-71.82,18.65],[-71.74,18.73],[-71.73,18.8],[-71.73,18.86],[-71.79,18.92],[-71.81,18.99],[-71.74,19.05],[-71.66,19.13],[-71.65,19.16],[-71.65,19.2],[-71.75,19.29],[-71.75,19.32],[-71.71,19.42],[-71.71,19.49],[-71.76,19.69],[-71.78,19.72],[-71.74,19.74],[-71.71,19.79],[-71.67,19.85],[-71.62,19.88],[-71.56,19.9],[-71.44,19.89],[-71.28,19.85],[-71.24,19.85],[-71.08,19.89],[-70.95,19.91],[-70.83,19.89],[-70.79,19.85],[-70.68,19.79],[-70.63,19.78],[-70.48,19.78],[-70.44,19.77],[-70.3,19.68],[-70.2,19.64],[-70.13,19.64],[-70.02,19.67],[-69.96,19.67],[-69.89,19.59],[-69.88,19.47],[-69.82,19.37],[-69.74,19.3],[-69.32,19.33],[-69.23,19.27],[-69.26,19.23],[-69.32,19.2],[-69.52,19.21],[-69.6,19.21],[-69.62,19.16],[-69.62,19.12],[-69.51,19.11],[-69.4,19.09],[-69.28,19.05],[-69.16,19.03],[-69.03,19.01],[-68.9,18.99],[-68.68,18.9],[-68.45,18.71],[-68.38,18.67],[-68.34,18.61],[-68.36,18.54],[-68.45,18.42],[-68.49,18.38],[-68.56,18.36],[-68.61,18.31],[-68.66,18.22],[-68.69,18.21],[-68.72,18.22],[-68.78,18.27],[-68.82,18.34],[-68.94,18.41],[-69.07,18.4],[-69.27,18.44],[-69.4,18.42],[-69.52,18.42],[-69.64,18.44],[-69.77,18.44],[-69.9,18.42],[-70.02,18.37],[-70.06,18.34],[-70.14,18.28],[-70.18,18.25],[-70.48,18.22],[-70.57,18.27],[-70.65,18.34],[-70.76,18.34],[-70.93,18.29],[-71.03,18.27],[-71.07,18.25],[-71.08,18.23],[-71.08,18.13],[-71.11,18.07],[-71.27,17.85],[-71.36,17.69],[-71.39,17.65],[-71.44,17.63],[-71.52,17.73],[-71.57,17.76],[-71.63,17.77],[-71.66,17.82],[-71.66,17.89],[-71.67,17.95],[-71.71,18.0],[-71.77,18.04]]]}},{"type":"Feature","properties":{"name":"Dominica"},"geometry":{"type":"Polygon","coordinates":[[[-61.28,15.25],[-61.38,15.23],[-61.41,15.4],[-61.48,15.53],[-61.47,15.6],[-61.46,15.63],[-61.32,15.58],[-61.28,15.53],[-61.25,15.37],[-61.28,15.25]]]}},{"type":"Feature","properties":{"name":"Cuba"},"geometry":{"type":"MultiPolygon","coordinates":[[[[-81.84,23.16],[-81.58,23.12],[-81.36,23.13],[-81.26,23.16],[-81.27,23.13],[-81.18,23.06],[-81.14,23.05],[-81.01,23.09],[-80.65,23.1],[-80.61,23.08],[-80.55,23.02],[-80.46,22.97],[-80.37,22.94],[-80.26,22.93],[-80.17,22.95],[-80.07,22.94],[-79.96,22.88],[-79.92,22.87],[-79.82,22.89],[-79.85,22.83],[-79.68,22.74],[-79.55,22.58],[-79.46,22.51],[-79.36,22.45],[-79.27,22.41],[-79.18,22.39],[-78.9,22.4],[-78.84,22.39],[-78.77,22.37],[-78.72,22.36],[-78.69,22.37],[-78.14,22.11],[-77.97,21.97],[-77.86,21.9],[-77.64,21.8],[-77.55,21.78],[-77.5,21.79],[-77.51,21.81],[-77.57,21.87],[-77.58,21.89],[-77.5,21.87],[-77.34,21.75],[-77.3,21.71],[-77.22,21.67],[-77.14,21.64],[-77.18,21.6],[-77.24,21.59],[-77.37,21.61],[-77.27,21.54],[-77.25,21.48],[-77.21,21.48],[-77.14,21.54],[-77.1,21.59],[-76.93,21.46],[-76.84,21.4],[-76.86,21.37],[-76.87,21.33],[-76.77,21.36],[-76.73,21.36],[-76.69,21.34],[-76.65,21.28],[-76.55,21.27],[-76.46,21.27],[-76.26,21.23],[-76.07,21.13],[-75.9,21.11],[-75.72,21.11],[-75.63,21.06],[-75.6,20.99],[-75.64,20.95],[-75.66,20.9],[-75.6,20.84],[-75.74,20.81],[-75.76,20.78],[-75.75,20.74],[-75.72,20.71],[-75.64,20.73],[-75.52,20.72],[-75.34,20.7],[-75.21,20.71],[-74.96,20.67],[-74.88,20.65],[-74.73,20.57],[-74.66,20.52],[-74.51,20.38],[-74.39,20.33],[-74.27,20.32],[-74.23,20.33],[-74.2,20.31],[-74.17,20.29],[-74.14,20.23],[-74.16,20.17],[-74.22,20.12],[-74.25,20.08],[-74.41,20.08],[-74.63,20.06],[-74.85,20.0],[-74.95,19.96],[-75.0,19.93],[-75.12,19.9],[-75.12,19.92],[-75.12,19.95],[-75.15,20.01],[-75.18,19.96],[-75.22,19.92],[-75.29,19.89],[-75.55,19.89],[-75.66,19.93],[-75.76,19.96],[-76.16,19.99],[-76.25,19.99],[-76.52,19.96],[-76.78,19.94],[-76.89,19.92],[-77.0,19.89],[-77.21,19.89],[-77.46,19.86],[-77.72,19.86],[-77.55,20.08],[-77.21,20.3],[-77.15,20.35],[-77.1,20.41],[-77.09,20.45],[-77.11,20.49],[-77.19,20.56],[-77.2,20.61],[-77.23,20.64],[-77.35,20.67],[-77.47,20.69],[-77.59,20.69],[-77.86,20.71],[-78.0,20.71],[-78.12,20.76],[-78.31,20.93],[-78.41,20.97],[-78.45,21.01],[-78.49,21.05],[-78.54,21.3],[-78.58,21.41],[-78.64,21.51],[-78.73,21.59],[-78.82,21.62],[-79.19,21.55],[-79.27,21.56],[-79.36,21.58],[-79.91,21.74],[-80.14,21.83],[-80.23,21.87],[-80.31,21.93],[-80.39,22.03],[-80.48,22.12],[-80.48,22.09],[-80.5,22.06],[-80.96,22.05],[-81.04,22.07],[-81.08,22.1],[-81.12,22.13],[-81.14,22.21],[-81.19,22.27],[-81.2,22.2],[-81.22,22.14],[-81.28,22.11],[-81.36,22.1],[-81.44,22.18],[-81.82,22.2],[-81.85,22.21],[-81.97,22.29],[-82.08,22.39],[-81.97,22.42],[-81.76,22.47],[-81.71,22.5],[-81.68,22.53],[-81.7,22.59],[-81.74,22.63],[-81.79,22.66],[-81.84,22.67],[-81.9,22.68],[-82.74,22.69],[-82.78,22.66],[-82.86,22.59],[-83.01,22.51],[-83.11,22.43],[-83.14,22.39],[-83.19,22.36],[-83.29,22.3],[-83.38,22.22],[-83.49,22.19],[-83.54,22.21],[-83.6,22.21],[-83.64,22.19],[-83.69,22.18],[-83.9,22.17],[-83.93,22.15],[-83.96,22.09],[-84.0,21.98],[-84.03,21.94],[-84.14,21.93],[-84.24,21.9],[-84.45,21.79],[-84.5,21.78],[-84.49,21.85],[-84.5,21.93],[-84.56,21.93],[-84.63,21.92],[-84.68,21.9],[-84.79,21.84],[-84.84,21.83],[-84.89,21.86],[-84.88,21.89],[-84.53,22.03],[-84.49,22.04],[-84.43,22.03],[-84.37,22.04],[-84.33,22.07],[-84.38,22.26],[-84.36,22.38],[-84.28,22.47],[-84.12,22.62],[-84.04,22.67],[-83.26,22.97],[-83.18,22.98],[-82.67,23.04],[-82.59,23.07],[-82.35,23.15],[-82.1,23.19],[-81.84,23.16]]],[[[-77.67,21.95],[-77.71,21.92],[-77.76,21.97],[-77.78,21.97],[-77.82,21.99],[-77.9,22.04],[-77.92,22.09],[-77.86,22.09],[-77.77,22.08],[-77.63,22.05],[-77.65,22.0],[-77.67,21.95]]],[[[-78.03,22.29],[-78.05,22.27],[-78.1,22.31],[-78.18,22.32],[-78.23,22.38],[-78.27,22.4],[-78.27,22.42],[-78.2,22.44],[-78.15,22.43],[-78.09,22.39],[-78.06,22.31],[-78.03,22.29]]],[[[-78.63,22.55],[-78.49,22.53],[-78.45,22.54],[-78.4,22.55],[-78.35,22.54],[-78.28,22.46],[-78.34,22.45],[-78.39,22.45],[-78.42,22.46],[-78.55,22.46],[-78.63,22.49],[-78.67,22.51],[-78.69,22.53],[-78.63,22.55]]],[[[-77.88,22.13],[-77.91,22.12],[-78.01,22.17],[-78.04,22.2],[-78.01,22.25],[-78.0,22.3],[-77.99,22.3],[-77.97,22.24],[-77.89,22.21],[-77.89,22.2],[-77.84,22.15],[-77.88,22.13]]],[[[-82.56,21.57],[-82.66,21.52],[-82.85,21.44],[-82.96,21.44],[-83.07,21.47],[-83.14,21.53],[-83.18,21.59],[-83.18,21.62],[-83.11,21.57],[-83.05,21.55],[-83.01,21.57],[-82.97,21.59],[-83.08,21.79],[-83.08,21.83],[-82.99,21.94],[-82.76,21.91],[-82.72,21.89],[-82.68,21.82],[-82.63,21.77],[-82.57,21.62],[-82.56,21.57]]],[[[-79.35,22.66],[-79.35,22.64],[-79.52,22.71],[-79.6,22.79],[-79.63,22.8],[-79.58,22.81],[-79.38,22.68],[-79.35,22.66]]]]}},{"type":"Feature","properties":{"name":"Costa Rica"},"geometry":{"type":"Polygon","coordinates":[[[-82.57,9.58],[-82.57,9.56],[-82.59,9.54],[-82.61,9.52],[-82.64,9.51],[-82.72,9.55],[-82.8,9.59],[-82.84,9.57],[-82.86,9.51],[-82.89,9.48],[-82.93,9.47],[-82.94,9.45],[-82.94,9.25],[-82.94,9.06],[-82.88,9.06],[-82.78,8.99],[-82.74,8.95],[-82.73,8.92],[-82.74,8.9],[-82.81,8.86],[-82.88,8.81],[-82.92,8.74],[-82.86,8.64],[-82.84,8.56],[-82.85,8.49],[-82.86,8.45],[-83.0,8.37],[-83.03,8.34],[-83.02,8.32],[-82.95,8.26],[-82.91,8.2],[-82.88,8.13],[-82.88,8.07],[-82.95,8.18],[-83.04,8.29],[-83.12,8.35],[-83.13,8.51],[-83.16,8.59],[-83.29,8.67],[-83.39,8.72],[-83.47,8.71],[-83.42,8.62],[-83.3,8.51],[-83.29,8.46],[-83.29,8.41],[-83.38,8.42],[-83.45,8.44],[-83.54,8.45],[-83.61,8.48],[-83.74,8.61],[-83.64,8.73],[-83.61,8.8],[-83.62,8.96],[-83.64,9.03],[-83.74,9.15],[-83.9,9.28],[-84.12,9.38],[-84.22,9.46],[-84.48,9.53],[-84.58,9.57],[-84.66,9.65],[-84.67,9.7],[-84.64,9.79],[-84.71,9.9],[-85.02,10.12],[-85.2,10.2],[-85.24,10.24],[-85.26,10.26],[-85.24,10.11],[-85.16,10.02],[-84.96,9.93],[-84.91,9.89],[-84.89,9.82],[-85.0,9.7],[-85.06,9.67],[-85.08,9.6],[-85.11,9.58],[-85.15,9.62],[-85.32,9.81],[-85.63,9.9],[-85.68,9.96],[-85.8,10.13],[-85.85,10.29],[-85.83,10.4],[-85.7,10.56],[-85.66,10.64],[-85.67,10.68],[-85.67,10.74],[-85.72,10.79],[-85.83,10.85],[-85.91,10.9],[-85.89,10.92],[-85.75,10.99],[-85.74,11.04],[-85.74,11.06],[-85.72,11.07],[-85.7,11.08],[-85.69,11.1],[-85.65,11.15],[-85.62,11.18],[-85.59,11.19],[-85.54,11.17],[-85.37,11.11],[-85.18,11.04],[-84.91,10.95],[-84.8,11.01],[-84.7,11.05],[-84.64,11.05],[-84.49,10.99],[-84.4,10.97],[-84.35,10.98],[-84.26,10.9],[-84.21,10.84],[-84.2,10.8],[-84.17,10.78],[-84.1,10.78],[-83.92,10.74],[-83.81,10.74],[-83.71,10.79],[-83.66,10.84],[-83.64,10.92],[-83.62,10.88],[-83.59,10.81],[-83.58,10.73],[-83.45,10.47],[-83.35,10.32],[-83.12,10.04],[-83.03,9.99],[-82.87,9.77],[-82.81,9.73],[-82.78,9.67],[-82.61,9.62],[-82.57,9.58]]]}},{"type":"Feature","properties":{"name":"Colombia"},"geometry":{"type":"MultiPolygon","coordinates":[[[[-71.32,11.86],[-71.35,11.85],[-71.4,11.82],[-71.53,11.77],[-71.72,11.73],[-71.96,11.67],[-72.01,11.6],[-72.25,11.2],[-72.45,11.11],[-72.52,11.05],[-72.57,10.98],[-72.69,10.84],[-72.74,10.73],[-72.87,10.49],[-72.94,10.2],[-72.97,10.03],[-73.01,9.79],[-73.06,9.67],[-73.14,9.55],[-73.22,9.44],[-73.29,9.32],[-73.36,9.23],[-73.37,9.19],[-73.34,9.17],[-73.19,9.19],[-73.14,9.22],[-73.06,9.26],[-73.01,9.24],[-72.96,9.14],[-72.91,9.12],[-72.85,9.14],[-72.8,9.11],[-72.73,8.85],[-72.66,8.63],[-72.52,8.49],[-72.42,8.38],[-72.39,8.29],[-72.36,8.15],[-72.36,8.09],[-72.39,8.05],[-72.45,7.97],[-72.46,7.81],[-72.47,7.76],[-72.48,7.61],[-72.47,7.52],[-72.44,7.46],[-72.39,7.42],[-72.3,7.39],[-72.21,7.37],[-72.16,7.25],[-72.09,7.1],[-72.01,7.03],[-71.89,6.99],[-71.81,7.01],[-71.62,7.03],[-71.46,7.03],[-71.22,6.98],[-71.13,6.99],[-71.01,6.99],[-70.81,7.08],[-70.74,7.09],[-70.66,7.08],[-70.54,7.04],[-70.47,7.01],[-70.39,6.97],[-70.27,6.95],[-70.19,6.95],[-70.13,6.95],[-70.09,6.94],[-69.9,6.7],[-69.74,6.5],[-69.59,6.32],[-69.44,6.14],[-69.43,6.12],[-69.36,6.15],[-69.31,6.14],[-69.27,6.1],[-69.19,6.11],[-69.09,6.18],[-68.94,6.2],[-68.74,6.16],[-68.47,6.16],[-68.14,6.2],[-67.94,6.24],[-67.86,6.29],[-67.73,6.28],[-67.57,6.24],[-67.48,6.18],[-67.47,6.12],[-67.44,6.03],[-67.47,5.93],[-67.57,5.83],[-67.63,5.71],[-67.64,5.56],[-67.69,5.45],[-67.79,5.38],[-67.83,5.27],[-67.8,5.13],[-67.82,4.93],[-67.86,4.67],[-67.86,4.51],[-67.82,4.46],[-67.79,4.38],[-67.8,4.28],[-67.78,4.2],[-67.73,4.09],[-67.66,3.86],[-67.6,3.77],[-67.55,3.73],[-67.5,3.69],[-67.35,3.46],[-67.31,3.42],[-67.32,3.37],[-67.34,3.34],[-67.35,3.32],[-67.51,3.19],[-67.83,2.89],[-67.86,2.85],[-67.86,2.79],[-67.77,2.83],[-67.67,2.8],[-67.62,2.79],[-67.6,2.77],[-67.57,2.69],[-67.53,2.68],[-67.49,2.64],[-67.39,2.56],[-67.31,2.47],[-67.25,2.43],[-67.21,2.39],[-67.2,2.33],[-67.21,2.27],[-67.16,2.14],[-67.13,2.1],[-67.11,2.05],[-67.13,2.0],[-67.09,1.94],[-67.05,1.82],[-66.99,1.68],[-66.98,1.6],[-66.96,1.56],[-66.93,1.46],[-66.88,1.36],[-66.89,1.29],[-66.88,1.22],[-67.07,1.18],[-67.08,1.18],[-67.09,1.21],[-67.09,1.4],[-67.09,1.62],[-67.12,1.7],[-67.21,1.84],[-67.32,2.03],[-67.35,2.09],[-67.4,2.12],[-67.46,2.12],[-67.5,2.11],[-67.56,2.07],[-67.61,2.04],[-67.71,1.92],[-67.82,1.79],[-67.88,1.76],[-67.93,1.75],[-67.99,1.75],[-68.03,1.79],[-68.08,1.86],[-68.13,1.96],[-68.19,1.99],[-68.22,1.96],[-68.24,1.9],[-68.25,1.85],[-68.21,1.77],[-68.18,1.72],[-68.24,1.72],[-68.44,1.72],[-68.68,1.72],[-68.91,1.72],[-69.12,1.72],[-69.32,1.72],[-69.4,1.73],[-69.47,1.76],[-69.54,1.77],[-69.58,1.77],[-69.65,1.74],[-69.74,1.73],[-69.8,1.71],[-69.85,1.71],[-69.85,1.54],[-69.85,1.31],[-69.85,1.06],[-69.8,1.08],[-69.75,1.08],[-69.72,1.06],[-69.62,1.07],[-69.57,1.07],[-69.52,1.06],[-69.47,1.06],[-69.44,1.04],[-69.4,1.04],[-69.36,1.06],[-69.31,1.05],[-69.26,1.02],[-69.22,0.96],[-69.19,0.9],[-69.16,0.86],[-69.17,0.8],[-69.17,0.75],[-69.18,0.71],[-69.16,0.69],[-69.15,0.66],[-69.15,0.64],[-69.17,0.64],[-69.21,0.63],[-69.26,0.63],[-69.28,0.63],[-69.31,0.65],[-69.33,0.66],[-69.36,0.65],[-69.39,0.67],[-69.42,0.7],[-69.47,0.73],[-69.53,0.72],[-69.57,0.7],[-69.6,0.68],[-69.64,0.66],[-69.67,0.67],[-69.72,0.65],[-69.76,0.63],[-69.81,0.61],[-69.86,0.6],[-69.93,0.59],[-69.99,0.59],[-70.05,0.58],[-70.06,0.45],[-70.07,0.19],[-70.07,0.02],[-70.07,-0.14],[-70.04,-0.2],[-69.92,-0.32],[-69.83,-0.38],[-69.75,-0.45],[-69.67,-0.48],[-69.63,-0.51],[-69.61,-0.55],[-69.6,-0.6],[-69.59,-0.64],[-69.6,-0.68],[-69.62,-0.72],[-69.61,-0.76],[-69.58,-0.8],[-69.58,-0.84],[-69.55,-0.88],[-69.54,-0.92],[-69.52,-0.95],[-69.49,-0.97],[-69.45,-1.0],[-69.44,-1.03],[-69.45,-1.07],[-69.45,-1.09],[-69.41,-1.15],[-69.4,-1.2],[-69.42,-1.25],[-69.44,-1.42],[-69.48,-1.62],[-69.51,-1.78],[-69.55,-2.02],[-69.6,-2.31],[-69.67,-2.67],[-69.73,-3.02],[-69.8,-3.36],[-69.85,-3.66],[-69.91,-4.0],[-69.95,-4.2],[-69.96,-4.24],[-70.02,-4.16],[-70.09,-4.09],[-70.17,-4.05],[-70.2,-4.0],[-70.24,-3.88],[-70.3,-3.84],[-70.34,-3.82],[-70.38,-3.82],[-70.42,-3.85],[-70.49,-3.87],[-70.53,-3.87],[-70.71,-3.79],[-70.74,-3.78],[-70.62,-3.61],[-70.42,-3.29],[-70.29,-3.09],[-70.15,-2.86],[-70.07,-2.75],[-70.07,-2.73],[-70.07,-2.7],[-70.09,-2.66],[-70.17,-2.64],[-70.25,-2.61],[-70.3,-2.55],[-70.36,-2.53],[-70.42,-2.49],[-70.52,-2.45],[-70.58,-2.42],[-70.65,-2.41],[-70.71,-2.34],[-70.92,-2.22],[-70.97,-2.21],[-71.03,-2.22],[-71.11,-2.25],[-71.2,-2.31],[-71.3,-2.33],[-71.4,-2.33],[-71.45,-2.29],[-71.49,-2.28],[-71.56,-2.22],[-71.67,-2.18],[-71.75,-2.15],[-71.8,-2.17],[-71.87,-2.23],[-71.93,-2.29],[-71.98,-2.33],[-72.05,-2.32],[-72.14,-2.38],[-72.22,-2.4],[-72.3,-2.41],[-72.39,-2.43],[-72.5,-2.4],[-72.59,-2.37],[-72.63,-2.35],[-72.66,-2.36],[-72.72,-2.39],[-72.81,-2.41],[-72.89,-2.41],[-72.94,-2.39],[-72.99,-2.34],[-73.07,-2.31],[-73.15,-2.28],[-73.17,-2.21],[-73.16,-2.16],[-73.13,-2.08],[-73.14,-2.0],[-73.18,-1.88],[-73.2,-1.83],[-73.22,-1.79],[-73.27,-1.77],[-73.35,-1.78],[-73.44,-1.74],[-73.5,-1.69],[-73.53,-1.64],[-73.49,-1.54],[-73.52,-1.45],[-73.58,-1.4],[-73.61,-1.32],[-73.67,-1.25],[-73.73,-1.21],[-73.81,-1.22],[-73.86,-1.2],[-73.93,-1.13],[-73.99,-1.1],[-74.05,-1.03],[-74.18,-1.0],[-74.25,-0.97],[-74.28,-0.93],[-74.34,-0.85],[-74.33,-0.81],[-74.35,-0.77],[-74.37,-0.69],[-74.42,-0.58],[-74.46,-0.52],[-74.52,-0.47],[-74.55,-0.43],[-74.62,-0.37],[-74.69,-0.33],[-74.76,-0.3],[-74.78,-0.24],[-74.8,-0.2],[-74.84,-0.2],[-74.89,-0.2],[-74.94,-0.19],[-75.0,-0.16],[-75.06,-0.12],[-75.14,-0.05],[-75.18,-0.04],[-75.22,-0.04],[-75.29,-0.11],[-75.47,-0.04],[-75.62,0.06],[-75.78,0.09],[-75.88,0.15],[-75.97,0.25],[-76.03,0.31],[-76.07,0.35],[-76.27,0.44],[-76.31,0.45],[-76.39,0.41],[-76.41,0.38],[-76.42,0.3],[-76.43,0.26],[-76.5,0.23],[-76.6,0.24],[-76.68,0.27],[-76.73,0.27],[-76.74,0.25],[-76.77,0.24],[-76.83,0.25],[-76.92,0.27],[-77.0,0.3],[-77.11,0.35],[-77.16,0.35],[-77.29,0.36],[-77.4,0.39],[-77.42,0.42],[-77.47,0.64],[-77.48,0.65],[-77.52,0.66],[-77.6,0.69],[-77.65,0.72],[-77.67,0.78],[-77.7,0.84],[-77.83,0.83],[-78.04,0.9],[-78.18,0.97],[-78.31,1.05],[-78.51,1.2],[-78.59,1.24],[-78.68,1.28],[-78.74,1.36],[-78.83,1.43],[-78.86,1.46],[-78.89,1.52],[-79.03,1.62],[-78.96,1.75],[-78.79,1.85],[-78.58,1.77],[-78.55,1.92],[-78.63,2.06],[-78.62,2.31],[-78.59,2.36],[-78.53,2.42],[-78.46,2.47],[-78.42,2.48],[-78.34,2.46],[-78.3,2.51],[-78.12,2.49],[-78.06,2.51],[-78.03,2.54],[-77.99,2.57],[-77.93,2.63],[-77.9,2.7],[-77.87,2.73],[-77.81,2.72],[-77.81,2.75],[-77.78,2.79],[-77.67,2.88],[-77.67,2.92],[-77.7,3.01],[-77.69,3.04],[-77.63,3.05],[-77.56,3.08],[-77.52,3.16],[-77.47,3.23],[-77.42,3.34],[-77.36,3.35],[-77.32,3.47],[-77.24,3.59],[-77.08,3.91],[-77.13,3.91],[-77.16,3.86],[-77.21,3.87],[-77.26,3.89],[-77.25,4.04],[-77.28,4.06],[-77.36,3.94],[-77.43,4.06],[-77.43,4.13],[-77.41,4.2],[-77.41,4.25],[-77.52,4.21],[-77.51,4.26],[-77.45,4.3],[-77.41,4.35],[-77.35,4.4],[-77.33,4.47],[-77.31,4.59],[-77.29,4.72],[-77.31,4.79],[-77.34,4.84],[-77.37,5.08],[-77.36,5.22],[-77.37,5.32],[-77.4,5.42],[-77.54,5.54],[-77.32,5.68],[-77.25,5.78],[-77.34,6.0],[-77.47,6.18],[-77.47,6.28],[-77.44,6.27],[-77.4,6.27],[-77.36,6.5],[-77.37,6.57],[-77.44,6.69],[-77.52,6.69],[-77.6,6.84],[-77.65,6.87],[-77.68,6.96],[-77.8,7.14],[-77.9,7.23],[-77.83,7.44],[-77.77,7.48],[-77.74,7.54],[-77.77,7.67],[-77.76,7.7],[-77.75,7.71],[-77.73,7.71],[-77.7,7.69],[-77.66,7.63],[-77.62,7.56],[-77.59,7.54],[-77.54,7.57],[-77.35,7.71],[-77.36,7.75],[-77.34,7.84],[-77.28,7.91],[-77.22,7.93],[-77.2,7.97],[-77.21,8.03],[-77.28,8.19],[-77.34,8.27],[-77.38,8.35],[-77.41,8.43],[-77.48,8.5],[-77.45,8.57],[-77.39,8.64],[-77.37,8.66],[-77.34,8.64],[-77.26,8.49],[-77.13,8.4],[-76.99,8.25],[-76.93,8.15],[-76.89,8.13],[-76.85,8.09],[-76.87,8.06],[-76.91,8.03],[-76.92,7.97],[-76.89,7.94],[-76.87,7.92],[-76.79,7.93],[-76.74,8.0],[-76.77,8.31],[-76.82,8.47],[-76.87,8.51],[-76.92,8.57],[-76.89,8.62],[-76.8,8.64],[-76.69,8.69],[-76.28,8.99],[-76.14,9.27],[-76.03,9.37],[-75.9,9.43],[-75.76,9.41],[-75.64,9.45],[-75.6,9.54],[-75.63,9.66],[-75.68,9.73],[-75.64,9.84],[-75.59,9.99],[-75.6,10.12],[-75.54,10.2],[-75.56,10.24],[-75.64,10.17],[-75.71,10.14],[-75.67,10.2],[-75.55,10.33],[-75.49,10.53],[-75.45,10.61],[-75.28,10.73],[-75.25,10.78],[-75.12,10.87],[-74.92,11.06],[-74.84,11.11],[-74.45,10.99],[-74.33,11.0],[-74.35,10.97],[-74.41,10.97],[-74.49,10.93],[-74.52,10.86],[-74.46,10.79],[-74.4,10.77],[-74.35,10.81],[-74.3,10.95],[-74.22,11.11],[-74.2,11.27],[-74.14,11.32],[-74.06,11.34],[-73.91,11.31],[-73.8,11.28],[-73.68,11.27],[-73.31,11.3],[-72.72,11.71],[-72.45,11.8],[-72.28,11.89],[-72.16,12.06],[-72.14,12.19],[-72.06,12.24],[-71.97,12.24],[-71.93,12.27],[-71.92,12.31],[-71.71,12.42],[-71.6,12.43],[-71.49,12.43],[-71.26,12.33],[-71.16,12.16],[-71.14,12.05],[-71.28,11.92],[-71.32,11.86]]],[[[-78.12,2.54],[-78.14,2.52],[-78.19,2.56],[-78.21,2.61],[-78.18,2.65],[-78.14,2.63],[-78.12,2.6],[-78.12,2.54]]]]}},{"type":"Feature","properties":{"name":"Chile"},"geometry":{"type":"MultiPolygon","coordinates":[[[[-109.28,-27.14],[-109.44,-27.17],[-109.43,-27.12],[-109.39,-27.07],[-109.28,-27.1],[-109.22,-27.1],[-109.28,-27.14]]],[[[-78.8,-33.65],[-78.98,-33.67],[-78.99,-33.66],[-78.98,-33.64],[-78.94,-33.61],[-78.89,-33.58],[-78.88,-33.58],[-78.86,-33.58],[-78.84,-33.59],[-78.78,-33.61],[-78.77,-33.63],[-78.77,-33.64],[-78.8,-33.65]]],[[[-70.42,-18.35],[-70.38,-18.33],[-70.28,-18.32],[-70.18,-18.32],[-70.06,-18.28],[-69.93,-18.21],[-69.84,-18.09],[-69.8,-17.99],[-69.8,-17.9],[-69.84,-17.78],[-69.85,-17.7],[-69.81,-17.66],[-69.68,-17.65],[-69.59,-17.57],[-69.51,-17.51],[-69.49,-17.62],[-69.36,-17.77],[-69.31,-17.94],[-69.28,-17.97],[-69.09,-18.05],[-69.09,-18.07],[-69.12,-18.1],[-69.14,-18.14],[-69.13,-18.2],[-69.09,-18.28],[-69.08,-18.36],[-69.06,-18.43],[-69.04,-18.55],[-69.03,-18.66],[-68.98,-18.81],[-68.97,-18.91],[-68.97,-18.97],[-68.93,-19.03],[-68.86,-19.09],[-68.76,-19.16],[-68.68,-19.24],[-68.62,-19.3],[-68.55,-19.34],[-68.49,-19.38],[-68.47,-19.41],[-68.46,-19.43],[-68.49,-19.45],[-68.58,-19.56],[-68.7,-19.72],[-68.7,-19.74],[-68.58,-19.86],[-68.56,-19.9],[-68.56,-19.97],[-68.6,-20.05],[-68.73,-20.07],[-68.76,-20.09],[-68.76,-20.12],[-68.73,-20.15],[-68.73,-20.23],[-68.69,-20.31],[-68.71,-20.34],[-68.76,-20.38],[-68.76,-20.42],[-68.74,-20.46],[-68.69,-20.49],[-68.5,-20.61],[-68.49,-20.63],[-68.49,-20.64],[-68.56,-20.72],[-68.57,-20.77],[-68.57,-20.85],[-68.56,-20.9],[-68.53,-20.92],[-68.43,-20.95],[-68.31,-21.13],[-68.2,-21.3],[-68.2,-21.45],[-68.19,-21.62],[-68.11,-21.75],[-68.1,-21.86],[-68.08,-21.98],[-67.99,-22.06],[-67.95,-22.2],[-67.95,-22.28],[-67.95,-22.33],[-67.88,-22.49],[-67.87,-22.63],[-67.89,-22.73],[-67.89,-22.78],[-67.88,-22.82],[-67.82,-22.86],[-67.79,-22.88],[-67.71,-22.89],[-67.58,-22.89],[-67.36,-22.86],[-67.2,-22.82],[-67.01,-23.0],[-67.09,-23.24],[-67.22,-23.63],[-67.32,-23.94],[-67.34,-23.98],[-67.35,-24.03],[-67.57,-24.12],[-67.89,-24.24],[-68.05,-24.31],[-68.25,-24.39],[-68.3,-24.46],[-68.36,-24.5],[-68.42,-24.54],[-68.45,-24.6],[-68.51,-24.63],[-68.56,-24.75],[-68.56,-24.84],[-68.53,-24.9],[-68.47,-24.92],[-68.45,-25.0],[-68.43,-25.05],[-68.38,-25.09],[-68.4,-25.12],[-68.43,-25.15],[-68.5,-25.16],[-68.54,-25.24],[-68.59,-25.42],[-68.6,-25.49],[-68.54,-25.65],[-68.51,-25.74],[-68.43,-26.07],[-68.41,-26.15],[-68.53,-26.28],[-68.58,-26.35],[-68.59,-26.42],[-68.59,-26.47],[-68.58,-26.52],[-68.49,-26.67],[-68.37,-26.81],[-68.32,-26.88],[-68.32,-26.97],[-68.34,-27.03],[-68.41,-27.05],[-68.54,-27.08],[-68.59,-27.14],[-68.65,-27.15],[-68.71,-27.11],[-68.77,-27.12],[-68.85,-27.15],[-68.87,-27.25],[-68.94,-27.41],[-69.0,-27.45],[-69.04,-27.57],[-69.12,-27.74],[-69.15,-27.85],[-69.17,-27.92],[-69.25,-27.97],[-69.34,-28.07],[-69.41,-28.17],[-69.44,-28.19],[-69.49,-28.2],[-69.53,-28.29],[-69.66,-28.41],[-69.69,-28.56],[-69.73,-28.64],[-69.74,-28.78],[-69.81,-29.05],[-69.83,-29.1],[-69.9,-29.15],[-70.0,-29.25],[-70.03,-29.32],[-69.98,-29.55],[-69.93,-29.77],[-69.93,-29.87],[-69.95,-30.02],[-69.96,-30.08],[-69.93,-30.1],[-69.86,-30.12],[-69.84,-30.17],[-69.89,-30.21],[-69.91,-30.28],[-69.96,-30.36],[-70.1,-30.39],[-70.15,-30.36],[-70.17,-30.39],[-70.16,-30.44],[-70.2,-30.5],[-70.27,-30.68],[-70.32,-30.83],[-70.35,-30.9],[-70.34,-30.96],[-70.31,-30.99],[-70.31,-31.02],[-70.35,-31.06],[-70.39,-31.12],[-70.43,-31.13],[-70.47,-31.11],[-70.52,-31.15],[-70.53,-31.22],[-70.56,-31.32],[-70.57,-31.43],[-70.58,-31.57],[-70.53,-31.67],[-70.45,-31.84],[-70.39,-31.88],[-70.33,-31.88],[-70.28,-31.92],[-70.25,-31.96],[-70.29,-32.03],[-70.36,-32.04],[-70.36,-32.08],[-70.34,-32.18],[-70.32,-32.27],[-70.26,-32.31],[-70.23,-32.43],[-70.17,-32.47],[-70.18,-32.63],[-70.12,-32.81],[-70.05,-32.86],[-70.02,-32.88],[-70.04,-32.96],[-70.09,-33.03],[-70.11,-33.13],[-70.08,-33.2],[-70.02,-33.27],[-69.97,-33.28],[-69.9,-33.25],[-69.82,-33.28],[-69.81,-33.34],[-69.8,-33.4],[-69.84,-33.47],[-69.88,-33.6],[-69.89,-33.73],[-69.88,-33.93],[-69.86,-34.08],[-69.86,-34.18],[-69.85,-34.22],[-69.88,-34.25],[-69.95,-34.27],[-70.0,-34.28],[-70.05,-34.3],[-70.06,-34.35],[-70.1,-34.43],[-70.14,-34.49],[-70.21,-34.58],[-70.25,-34.67],[-70.29,-34.73],[-70.29,-34.77],[-70.31,-34.85],[-70.34,-34.92],[-70.39,-35.15],[-70.47,-35.19],[-70.53,-35.22],[-70.56,-35.25],[-70.53,-35.31],[-70.47,-35.33],[-70.45,-35.38],[-70.46,-35.45],[-70.41,-35.52],[-70.42,-35.61],[-70.38,-35.77],[-70.41,-35.88],[-70.4,-35.97],[-70.4,-36.06],[-70.46,-36.13],[-70.56,-36.15],[-70.62,-36.21],[-70.72,-36.28],[-70.73,-36.34],[-70.75,-36.39],[-70.79,-36.41],[-70.85,-36.41],[-70.9,-36.42],[-70.98,-36.49],[-71.06,-36.52],[-71.07,-36.58],[-71.07,-36.64],[-71.11,-36.68],[-71.16,-36.76],[-71.19,-36.84],[-71.16,-36.92],[-71.12,-37.06],[-71.12,-37.12],[-71.16,-37.23],[-71.2,-37.3],[-71.16,-37.39],[-71.13,-37.44],[-71.16,-37.56],[-71.19,-37.63],[-71.17,-37.76],[-71.1,-37.91],[-71.03,-38.04],[-71.02,-38.19],[-71.0,-38.31],[-70.97,-38.45],[-70.9,-38.5],[-70.85,-38.54],[-70.86,-38.6],[-70.9,-38.68],[-70.95,-38.74],[-71.09,-38.76],[-71.2,-38.81],[-71.29,-38.85],[-71.35,-38.89],[-71.4,-38.93],[-71.43,-38.98],[-71.41,-39.21],[-71.42,-39.29],[-71.47,-39.4],[-71.51,-39.5],[-71.53,-39.52],[-71.53,-39.56],[-71.54,-39.6],[-71.59,-39.61],[-71.65,-39.59],[-71.69,-39.6],[-71.72,-39.64],[-71.7,-39.71],[-71.67,-39.83],[-71.64,-39.89],[-71.65,-39.93],[-71.66,-40.02],[-71.7,-40.09],[-71.76,-40.09],[-71.8,-40.13],[-71.82,-40.18],[-71.8,-40.25],[-71.72,-40.3],[-71.7,-40.34],[-71.71,-40.38],[-71.77,-40.4],[-71.8,-40.44],[-71.84,-40.52],[-71.88,-40.62],[-71.93,-40.69],[-71.94,-40.79],[-71.87,-40.89],[-71.88,-41.0],[-71.89,-41.29],[-71.89,-41.39],[-71.87,-41.56],[-71.9,-41.61],[-71.91,-41.65],[-71.84,-41.77],[-71.77,-41.97],[-71.75,-42.05],[-71.76,-42.1],[-71.86,-42.15],[-71.94,-42.17],[-71.99,-42.13],[-72.03,-42.15],[-72.06,-42.21],[-72.11,-42.25],[-72.12,-42.3],[-72.08,-42.36],[-72.05,-42.47],[-72.11,-42.52],[-72.14,-42.58],[-72.13,-42.65],[-72.11,-42.78],[-72.15,-42.99],[-72.1,-43.07],[-72.05,-43.1],[-71.9,-43.15],[-71.78,-43.17],[-71.75,-43.24],[-71.76,-43.3],[-71.82,-43.32],[-71.91,-43.35],[-71.91,-43.44],[-71.83,-43.53],[-71.75,-43.59],[-71.73,-43.65],[-71.74,-43.7],[-71.79,-43.75],[-71.71,-43.86],[-71.68,-43.93],[-71.71,-43.98],[-71.77,-44.07],[-71.81,-44.11],[-71.81,-44.15],[-71.83,-44.24],[-71.83,-44.33],[-71.82,-44.38],[-71.33,-44.43],[-71.21,-44.44],[-71.15,-44.49],[-71.16,-44.56],[-71.22,-44.63],[-71.26,-44.76],[-71.36,-44.78],[-71.46,-44.75],[-71.56,-44.76],[-71.65,-44.77],[-71.78,-44.77],[-71.96,-44.79],[-72.06,-44.77],[-72.07,-44.82],[-72.04,-44.9],[-71.81,-44.93],[-71.6,-44.98],[-71.53,-45.07],[-71.44,-45.17],[-71.35,-45.23],[-71.35,-45.33],[-71.49,-45.44],[-71.51,-45.51],[-71.69,-45.53],[-71.75,-45.58],[-71.77,-45.72],[-71.75,-45.84],[-71.68,-45.88],[-71.63,-45.95],[-71.69,-46.04],[-71.81,-46.1],[-71.88,-46.16],[-71.83,-46.21],[-71.78,-46.28],[-71.76,-46.32],[-71.73,-46.43],[-71.7,-46.58],[-71.7,-46.65],[-71.73,-46.71],[-71.85,-46.79],[-71.94,-46.83],[-71.96,-46.94],[-71.96,-47.02],[-71.96,-47.09],[-71.9,-47.14],[-71.91,-47.2],[-71.98,-47.21],[-72.04,-47.24],[-72.1,-47.34],[-72.28,-47.45],[-72.34,-47.49],[-72.34,-47.57],[-72.41,-47.69],[-72.47,-47.78],[-72.52,-47.88],[-72.51,-47.97],[-72.41,-48.02],[-72.33,-48.11],[-72.29,-48.23],[-72.36,-48.37],[-72.5,-48.42],[-72.58,-48.48],[-72.61,-48.52],[-72.59,-48.66],[-72.59,-48.73],[-72.61,-48.79],[-72.65,-48.84],[-72.73,-48.9],[-72.87,-48.94],[-72.98,-48.98],[-73.03,-49.01],[-73.09,-49.1],[-73.15,-49.19],[-73.14,-49.3],[-73.46,-49.31],[-73.48,-49.4],[-73.55,-49.46],[-73.58,-49.58],[-73.5,-49.7],[-73.47,-49.79],[-73.53,-49.91],[-73.51,-50.03],[-73.5,-50.12],[-73.38,-50.23],[-73.31,-50.36],[-73.27,-50.47],[-73.25,-50.56],[-73.22,-50.61],[-73.18,-50.67],[-73.15,-50.74],[-73.08,-50.76],[-72.96,-50.7],[-72.87,-50.65],[-72.81,-50.64],[-72.62,-50.65],[-72.51,-50.61],[-72.46,-50.61],[-72.39,-50.64],[-72.34,-50.68],[-72.3,-50.79],[-72.28,-50.91],[-72.31,-51.03],[-72.36,-51.06],[-72.38,-51.1],[-72.36,-51.17],[-72.3,-51.22],[-72.3,-51.3],[-72.37,-51.47],[-72.41,-51.54],[-72.33,-51.62],[-72.27,-51.69],[-72.14,-51.74],[-72.03,-51.82],[-71.95,-51.88],[-71.97,-51.96],[-71.92,-51.99],[-71.72,-51.99],[-71.42,-51.99],[-70.94,-52.0],[-70.48,-52.0],[-69.96,-52.01],[-69.71,-52.08],[-69.49,-52.14],[-69.21,-52.14],[-68.92,-52.21],[-68.72,-52.25],[-68.59,-52.27],[-68.46,-52.29],[-68.44,-52.36],[-69.01,-52.26],[-69.13,-52.21],[-69.24,-52.21],[-69.45,-52.27],[-69.56,-52.42],[-69.62,-52.46],[-69.76,-52.5],[-69.91,-52.51],[-70.39,-52.66],[-70.56,-52.67],[-70.68,-52.71],[-70.8,-52.77],[-70.84,-52.89],[-70.82,-52.96],[-70.95,-53.23],[-70.98,-53.37],[-70.98,-53.45],[-70.95,-53.57],[-70.99,-53.78],[-71.08,-53.82],[-71.3,-53.88],[-71.44,-53.84],[-71.69,-53.8],[-71.87,-53.72],[-72.1,-53.67],[-72.18,-53.63],[-72.38,-53.47],[-72.4,-53.42],[-72.41,-53.35],[-72.3,-53.25],[-72.25,-53.25],[-72.08,-53.25],[-71.94,-53.23],[-71.85,-53.29],[-71.83,-53.4],[-71.87,-53.46],[-71.9,-53.5],[-71.89,-53.52],[-71.79,-53.48],[-71.74,-53.23],[-71.4,-53.11],[-71.29,-53.03],[-71.18,-52.92],[-71.16,-52.89],[-71.16,-52.85],[-71.23,-52.81],[-71.39,-52.76],[-71.9,-53.0],[-72.13,-53.06],[-72.28,-53.13],[-72.46,-53.25],[-72.49,-53.29],[-72.53,-53.37],[-72.55,-53.46],[-72.73,-53.42],[-73.0,-53.29],[-73.05,-53.24],[-73.0,-53.18],[-72.92,-53.12],[-72.91,-52.94],[-72.89,-52.87],[-72.83,-52.82],[-72.73,-52.76],[-72.68,-52.75],[-72.63,-52.77],[-72.63,-52.82],[-72.45,-52.81],[-72.12,-52.65],[-71.98,-52.65],[-71.8,-52.68],[-71.59,-52.66],[-71.55,-52.64],[-71.51,-52.61],[-71.66,-52.56],[-71.81,-52.54],[-72.23,-52.52],[-72.32,-52.54],[-72.44,-52.63],[-72.48,-52.6],[-72.5,-52.56],[-72.64,-52.53],[-72.71,-52.54],[-72.78,-52.58],[-72.77,-52.64],[-72.8,-52.71],[-72.93,-52.78],[-73.02,-52.89],[-73.02,-52.98],[-73.02,-53.02],[-73.05,-53.05],[-73.12,-53.07],[-73.34,-53.06],[-73.46,-52.96],[-73.51,-52.9],[-73.64,-52.84],[-73.35,-52.75],[-73.24,-52.71],[-73.14,-52.6],[-73.07,-52.53],[-73.12,-52.49],[-73.18,-52.49],[-73.18,-52.56],[-73.24,-52.62],[-73.38,-52.6],[-73.59,-52.69],[-73.71,-52.66],[-73.91,-52.69],[-74.01,-52.64],[-74.04,-52.58],[-74.0,-52.51],[-74.04,-52.4],[-74.09,-52.38],[-74.15,-52.38],[-74.18,-52.32],[-74.24,-52.2],[-74.27,-52.17],[-74.3,-52.12],[-74.26,-52.11],[-74.19,-52.12],[-74.13,-52.15],[-74.04,-52.16],[-73.83,-52.23],[-73.75,-52.22],[-73.7,-52.2],[-73.68,-52.14],[-73.68,-52.08],[-73.65,-52.08],[-73.53,-52.15],[-73.46,-52.15],[-73.33,-52.17],[-73.26,-52.16],[-73.14,-52.13],[-72.94,-52.05],[-72.84,-51.96],[-72.79,-51.95],[-72.74,-51.96],[-72.69,-51.99],[-72.69,-52.04],[-72.65,-52.1],[-72.59,-52.15],[-72.57,-52.2],[-72.58,-52.25],[-72.69,-52.33],[-72.72,-52.36],[-72.68,-52.39],[-72.63,-52.37],[-72.57,-52.33],[-72.53,-52.28],[-72.52,-52.25],[-72.52,-52.22],[-72.52,-52.17],[-72.61,-52.04],[-72.63,-52.01],[-72.63,-51.95],[-72.52,-51.89],[-72.5,-51.85],[-72.49,-51.76],[-72.54,-51.71],[-72.76,-51.57],[-73.13,-51.44],[-73.17,-51.45],[-73.2,-51.48],[-73.16,-51.5],[-73.11,-51.5],[-72.79,-51.61],[-72.7,-51.68],[-72.65,-51.7],[-72.58,-51.74],[-72.6,-51.8],[-72.93,-51.86],[-73.19,-51.99],[-73.38,-52.07],[-73.52,-52.04],[-73.58,-51.96],[-73.65,-51.86],[-73.75,-51.79],[-73.81,-51.8],[-73.86,-51.79],[-73.9,-51.76],[-73.97,-51.78],[-74.15,-51.71],[-74.19,-51.68],[-74.07,-51.58],[-73.93,-51.62],[-73.9,-51.33],[-73.94,-51.27],[-74.12,-51.2],[-74.21,-51.2],[-74.33,-51.2],[-74.41,-51.16],[-74.51,-51.15],[-74.59,-51.13],[-74.69,-51.09],[-74.81,-51.06],[-74.98,-50.88],[-75.06,-50.79],[-75.09,-50.68],[-74.84,-50.68],[-74.68,-50.66],[-74.65,-50.62],[-74.7,-50.54],[-74.77,-50.47],[-74.72,-50.41],[-74.64,-50.36],[-74.57,-50.38],[-74.36,-50.49],[-74.33,-50.56],[-74.19,-50.78],[-74.16,-50.8],[-74.14,-50.82],[-73.85,-50.94],[-73.81,-50.94],[-73.82,-50.84],[-73.74,-50.7],[-73.66,-50.65],[-73.62,-50.65],[-73.62,-50.63],[-73.69,-50.57],[-73.65,-50.49],[-73.68,-50.49],[-73.75,-50.54],[-73.89,-50.78],[-73.98,-50.83],[-74.1,-50.72],[-74.16,-50.64],[-74.2,-50.61],[-74.18,-50.49],[-73.95,-50.51],[-74.03,-50.47],[-74.31,-50.4],[-74.37,-50.36],[-74.43,-50.35],[-74.52,-50.27],[-74.63,-50.19],[-74.43,-50.07],[-74.34,-49.98],[-74.02,-50.02],[-73.96,-49.99],[-74.01,-49.93],[-74.07,-49.95],[-74.17,-49.91],[-74.32,-49.78],[-74.32,-49.72],[-74.29,-49.6],[-74.23,-49.58],[-74.1,-49.56],[-73.95,-49.59],[-73.89,-49.62],[-73.83,-49.61],[-73.89,-49.52],[-73.99,-49.49],[-74.09,-49.43],[-74.08,-49.36],[-74.05,-49.31],[-74.02,-49.24],[-74.0,-49.16],[-74.01,-49.09],[-73.99,-49.06],[-73.94,-49.05],[-73.94,-49.02],[-74.03,-49.03],[-74.06,-49.11],[-74.07,-49.19],[-74.14,-49.25],[-74.17,-49.32],[-74.18,-49.4],[-74.22,-49.5],[-74.3,-49.46],[-74.35,-49.43],[-74.37,-49.4],[-74.36,-49.35],[-74.38,-49.05],[-74.38,-48.79],[-74.34,-48.6],[-74.23,-48.52],[-74.18,-48.49],[-74.13,-48.51],[-74.06,-48.5],[-74.01,-48.48],[-74.17,-48.43],[-74.27,-48.45],[-74.34,-48.49],[-74.48,-48.46],[-74.5,-48.36],[-74.58,-48.27],[-74.59,-48.16],[-74.58,-48.0],[-74.4,-48.01],[-74.25,-48.05],[-73.85,-48.04],[-73.53,-48.2],[-73.38,-48.18],[-73.39,-48.15],[-73.5,-48.11],[-73.57,-48.02],[-73.61,-47.99],[-73.63,-47.94],[-73.63,-47.88],[-73.72,-47.66],[-73.75,-47.66],[-73.78,-47.74],[-73.85,-47.87],[-73.94,-47.93],[-74.08,-47.95],[-74.23,-47.97],[-74.35,-47.94],[-74.38,-47.89],[-74.37,-47.83],[-74.43,-47.8],[-74.57,-47.77],[-74.61,-47.76],[-74.66,-47.7],[-74.59,-47.62],[-74.53,-47.57],[-74.47,-47.58],[-74.4,-47.6],[-74.32,-47.67],[-74.24,-47.68],[-74.15,-47.63],[-74.13,-47.59],[-74.19,-47.57],[-74.24,-47.56],[-74.32,-47.53],[-74.48,-47.43],[-74.4,-47.33],[-74.22,-47.21],[-74.16,-47.18],[-74.21,-47.08],[-74.15,-46.97],[-74.21,-46.89],[-74.31,-46.79],[-74.45,-46.77],[-74.48,-46.8],[-74.49,-46.84],[-74.47,-46.86],[-74.48,-46.89],[-74.51,-46.89],[-74.69,-46.86],[-74.81,-46.8],[-75.0,-46.74],[-75.03,-46.7],[-75.05,-46.63],[-74.98,-46.51],[-75.02,-46.51],[-75.15,-46.6],[-75.34,-46.65],[-75.48,-46.66],[-75.54,-46.7],[-75.57,-46.73],[-75.53,-46.75],[-75.45,-46.75],[-75.39,-46.86],[-75.4,-46.91],[-75.43,-46.93],[-75.5,-46.94],[-75.63,-46.86],[-75.71,-46.77],[-75.71,-46.7],[-75.66,-46.61],[-75.44,-46.48],[-75.38,-46.43],[-75.25,-46.37],[-75.07,-46.23],[-74.93,-46.16],[-75.0,-46.1],[-75.07,-46.01],[-75.07,-45.88],[-74.76,-45.82],[-74.63,-45.85],[-74.46,-45.84],[-74.37,-45.81],[-74.3,-45.8],[-74.16,-45.77],[-74.1,-45.72],[-74.08,-45.68],[-74.08,-45.64],[-74.1,-45.6],[-74.12,-45.5],[-74.1,-45.46],[-74.04,-45.42],[-73.96,-45.4],[-73.92,-45.41],[-73.82,-45.45],[-73.85,-45.5],[-73.88,-45.57],[-73.96,-45.84],[-74.0,-45.9],[-74.06,-45.95],[-74.02,-46.06],[-74.08,-46.13],[-74.36,-46.21],[-74.39,-46.22],[-74.37,-46.25],[-74.21,-46.24],[-74.09,-46.22],[-73.97,-46.15],[-73.93,-46.05],[-73.88,-45.85],[-73.81,-45.82],[-73.73,-45.81],[-73.69,-45.86],[-73.71,-45.97],[-73.71,-46.07],[-73.81,-46.38],[-73.94,-46.5],[-73.95,-46.53],[-73.94,-46.57],[-73.85,-46.57],[-73.77,-46.5],[-73.72,-46.41],[-73.66,-46.3],[-73.67,-46.21],[-73.65,-46.16],[-73.63,-45.99],[-73.59,-45.9],[-73.59,-45.78],[-73.66,-45.73],[-73.76,-45.7],[-73.78,-45.63],[-73.73,-45.48],[-73.55,-45.48],[-73.38,-45.38],[-73.27,-45.35],[-73.2,-45.35],[-72.98,-45.45],[-72.93,-45.45],[-72.94,-45.42],[-72.97,-45.39],[-73.06,-45.36],[-73.23,-45.26],[-73.45,-45.24],[-73.41,-45.1],[-73.36,-44.98],[-73.26,-44.96],[-73.08,-44.92],[-72.74,-44.73],[-72.68,-44.59],[-72.66,-44.44],[-72.83,-44.4],[-73.0,-44.29],[-73.14,-44.24],[-73.27,-44.17],[-73.24,-44.07],[-73.22,-43.9],[-73.07,-43.86],[-73.0,-43.63],[-73.1,-43.46],[-73.08,-43.32],[-72.94,-43.21],[-72.92,-43.13],[-72.88,-43.05],[-72.76,-43.04],[-72.75,-42.99],[-72.77,-42.91],[-72.84,-42.81],[-72.85,-42.67],[-72.77,-42.51],[-72.65,-42.52],[-72.63,-42.51],[-72.72,-42.41],[-72.78,-42.3],[-72.77,-42.26],[-72.71,-42.22],[-72.63,-42.2],[-72.55,-42.26],[-72.43,-42.43],[-72.41,-42.39],[-72.46,-42.21],[-72.5,-41.98],[-72.63,-42.01],[-72.74,-42.0],[-72.78,-41.96],[-72.82,-41.91],[-72.78,-41.85],[-72.74,-41.8],[-72.66,-41.74],[-72.48,-41.72],[-72.36,-41.65],[-72.32,-41.5],[-72.36,-41.51],[-72.43,-41.65],[-72.54,-41.69],[-72.6,-41.68],[-72.67,-41.66],[-72.81,-41.54],[-72.88,-41.52],[-72.95,-41.51],[-73.01,-41.54],[-73.17,-41.75],[-73.24,-41.78],[-73.52,-41.8],[-73.62,-41.77],[-73.73,-41.74],[-73.72,-41.69],[-73.69,-41.64],[-73.63,-41.61],[-73.62,-41.58],[-73.71,-41.57],[-73.81,-41.52],[-73.86,-41.45],[-73.87,-41.32],[-73.96,-41.12],[-73.98,-40.97],[-73.92,-40.87],[-73.78,-40.47],[-73.74,-40.26],[-73.67,-40.08],[-73.67,-39.96],[-73.48,-39.85],[-73.41,-39.79],[-73.25,-39.42],[-73.23,-39.22],[-73.48,-38.62],[-73.52,-38.51],[-73.53,-38.37],[-73.47,-38.13],[-73.46,-38.04],[-73.52,-37.91],[-73.66,-37.7],[-73.67,-37.59],[-73.6,-37.48],[-73.66,-37.34],[-73.63,-37.26],[-73.6,-37.19],[-73.37,-37.22],[-73.27,-37.21],[-73.22,-37.17],[-73.17,-37.05],[-73.15,-36.88],[-73.14,-36.8],[-73.12,-36.69],[-73.01,-36.64],[-72.97,-36.54],[-72.87,-36.39],[-72.78,-35.98],[-72.68,-35.88],[-72.59,-35.76],[-72.63,-35.59],[-72.56,-35.51],[-72.51,-35.45],[-72.46,-35.34],[-72.39,-35.24],[-72.22,-35.1],[-72.18,-34.92],[-72.06,-34.62],[-72.03,-34.42],[-71.99,-34.29],[-72.0,-34.17],[-71.93,-34.02],[-71.85,-33.89],[-71.83,-33.82],[-71.66,-33.65],[-71.64,-33.52],[-71.7,-33.43],[-71.7,-33.29],[-71.74,-33.09],[-71.64,-33.02],[-71.59,-32.97],[-71.45,-32.66],[-71.46,-32.54],[-71.42,-32.39],[-71.51,-32.21],[-71.53,-31.81],[-71.58,-31.5],[-71.66,-31.17],[-71.65,-30.99],[-71.71,-30.76],[-71.71,-30.63],[-71.67,-30.33],[-71.4,-30.14],[-71.35,-29.93],[-71.31,-29.65],[-71.33,-29.44],[-71.35,-29.35],[-71.48,-29.2],[-71.52,-28.93],[-71.49,-28.86],[-71.38,-28.78],[-71.31,-28.67],[-71.27,-28.51],[-71.19,-28.38],[-71.15,-28.06],[-71.09,-27.81],[-71.05,-27.73],[-70.94,-27.62],[-70.93,-27.59],[-70.91,-27.5],[-70.92,-27.31],[-70.9,-27.19],[-70.81,-26.95],[-70.8,-26.84],[-70.71,-26.6],[-70.69,-26.42],[-70.65,-26.33],[-70.66,-26.23],[-70.63,-25.99],[-70.7,-25.86],[-70.71,-25.78],[-70.63,-25.55],[-70.58,-25.49],[-70.49,-25.38],[-70.45,-25.25],[-70.44,-25.17],[-70.56,-24.78],[-70.57,-24.64],[-70.55,-24.33],[-70.51,-24.13],[-70.52,-23.97],[-70.51,-23.89],[-70.49,-23.78],[-70.41,-23.66],[-70.39,-23.57],[-70.42,-23.53],[-70.51,-23.48],[-70.59,-23.37],[-70.59,-23.25],[-70.57,-23.17],[-70.56,-23.06],[-70.45,-23.03],[-70.39,-22.97],[-70.33,-22.85],[-70.26,-22.56],[-70.23,-22.19],[-70.18,-21.98],[-70.16,-21.87],[-70.13,-21.64],[-70.09,-21.49],[-70.08,-21.36],[-70.09,-21.25],[-70.2,-20.73],[-70.2,-20.53],[-70.15,-20.23],[-70.15,-19.81],[-70.16,-19.71],[-70.2,-19.61],[-70.21,-19.49],[-70.27,-19.27],[-70.34,-18.83],[-70.34,-18.6],[-70.36,-18.4],[-70.42,-18.35]]],[[[-68.63,-52.65],[-68.63,-52.95],[-68.63,-53.24],[-68.64,-53.52],[-68.64,-53.79],[-68.64,-54.05],[-68.64,-54.32],[-68.65,-54.63],[-68.65,-54.85],[-68.8,-54.85],[-68.85,-54.88],[-69.08,-54.91],[-69.49,-54.86],[-69.59,-54.81],[-69.72,-54.71],[-69.77,-54.74],[-69.9,-54.78],[-70.03,-54.82],[-70.14,-54.82],[-70.24,-54.78],[-70.26,-54.76],[-70.28,-54.75],[-70.5,-54.81],[-70.74,-54.75],[-70.93,-54.71],[-71.23,-54.69],[-71.44,-54.62],[-71.83,-54.63],[-71.9,-54.6],[-71.93,-54.53],[-71.91,-54.49],[-71.82,-54.48],[-71.8,-54.43],[-71.71,-54.44],[-71.61,-54.5],[-71.57,-54.5],[-71.5,-54.45],[-71.39,-54.4],[-71.35,-54.4],[-71.16,-54.45],[-71.08,-54.44],[-70.97,-54.42],[-70.95,-54.4],[-70.93,-54.36],[-70.9,-54.34],[-70.8,-54.33],[-70.7,-54.35],[-70.69,-54.41],[-70.7,-54.49],[-70.57,-54.5],[-70.42,-54.5],[-70.31,-54.53],[-70.3,-54.49],[-70.47,-54.37],[-70.54,-54.3],[-70.63,-54.26],[-70.76,-54.24],[-70.86,-54.11],[-70.86,-54.0],[-70.87,-53.88],[-70.65,-53.82],[-70.7,-53.73],[-70.62,-53.66],[-70.53,-53.63],[-70.44,-53.89],[-70.38,-53.99],[-70.46,-54.01],[-70.63,-54.0],[-70.53,-54.14],[-70.38,-54.18],[-70.25,-54.28],[-70.24,-54.35],[-70.17,-54.38],[-69.99,-54.38],[-69.87,-54.37],[-69.81,-54.32],[-69.74,-54.31],[-69.62,-54.36],[-69.42,-54.41],[-69.36,-54.44],[-69.32,-54.49],[-69.32,-54.54],[-69.31,-54.57],[-69.25,-54.56],[-69.17,-54.48],[-69.13,-54.46],[-69.08,-54.45],[-69.05,-54.43],[-69.04,-54.41],[-69.19,-54.35],[-69.99,-54.11],[-70.09,-54.01],[-70.15,-53.89],[-70.15,-53.76],[-70.09,-53.72],[-69.95,-53.67],[-69.69,-53.6],[-69.39,-53.5],[-69.35,-53.48],[-69.36,-53.42],[-69.39,-53.37],[-69.51,-53.34],[-69.64,-53.33],[-69.76,-53.34],[-69.87,-53.35],[-70.09,-53.42],[-70.21,-53.41],[-70.33,-53.38],[-70.41,-53.31],[-70.46,-53.21],[-70.46,-53.14],[-70.44,-53.09],[-70.39,-53.03],[-70.32,-53.0],[-70.26,-53.0],[-70.2,-52.99],[-70.16,-52.97],[-70.13,-52.94],[-70.14,-52.92],[-70.16,-52.9],[-70.26,-52.86],[-70.3,-52.82],[-70.38,-52.75],[-70.34,-52.73],[-70.19,-52.72],[-70.09,-52.77],[-69.99,-52.82],[-69.94,-52.82],[-69.88,-52.8],[-69.76,-52.73],[-69.66,-52.65],[-69.57,-52.55],[-69.5,-52.49],[-69.41,-52.49],[-69.17,-52.67],[-69.08,-52.67],[-68.79,-52.58],[-68.76,-52.58],[-68.66,-52.63],[-68.63,-52.65]]],[[[-67.08,-55.15],[-67.11,-55.19],[-67.17,-55.24],[-67.26,-55.28],[-67.34,-55.29],[-67.4,-55.27],[-67.43,-55.24],[-67.44,-55.2],[-67.46,-55.18],[-67.5,-55.18],[-67.53,-55.18],[-67.59,-55.19],[-67.69,-55.24],[-67.74,-55.26],[-67.77,-55.26],[-68.07,-55.22],[-68.1,-55.21],[-68.14,-55.17],[-68.18,-55.07],[-68.3,-54.98],[-68.11,-54.93],[-67.87,-54.93],[-67.42,-54.97],[-67.25,-54.98],[-67.11,-55.06],[-67.08,-55.12],[-67.08,-55.15]]],[[[-73.77,-43.35],[-73.85,-43.37],[-73.92,-43.37],[-73.99,-43.36],[-74.12,-43.36],[-74.24,-43.32],[-74.35,-43.26],[-74.39,-43.23],[-74.37,-43.19],[-74.29,-43.08],[-74.21,-42.88],[-74.16,-42.59],[-74.2,-42.48],[-74.19,-42.44],[-74.17,-42.38],[-74.17,-42.32],[-74.17,-42.27],[-74.16,-42.22],[-74.07,-42.11],[-74.06,-42.06],[-74.06,-42.0],[-74.02,-41.89],[-74.03,-41.85],[-74.06,-41.82],[-74.04,-41.8],[-73.73,-41.88],[-73.53,-41.9],[-73.52,-41.98],[-73.48,-42.05],[-73.45,-42.17],[-73.42,-42.19],[-73.44,-42.28],[-73.53,-42.31],[-73.53,-42.39],[-73.47,-42.47],[-73.55,-42.49],[-73.63,-42.51],[-73.65,-42.53],[-73.72,-42.55],[-73.79,-42.59],[-73.77,-42.62],[-73.67,-42.71],[-73.57,-42.76],[-73.51,-42.85],[-73.44,-42.94],[-73.47,-42.99],[-73.54,-43.07],[-73.65,-43.13],[-73.75,-43.16],[-73.74,-43.29],[-73.77,-43.35]]],[[[-74.48,-49.15],[-74.47,-49.29],[-74.48,-49.44],[-74.52,-49.62],[-74.52,-49.66],[-74.47,-49.67],[-74.46,-49.69],[-74.47,-49.79],[-74.5,-49.86],[-74.54,-49.92],[-74.57,-49.99],[-74.59,-50.01],[-74.7,-50.02],[-74.76,-50.01],[-74.81,-49.93],[-74.82,-49.88],[-74.82,-49.81],[-74.88,-49.73],[-74.88,-49.69],[-74.86,-49.63],[-74.81,-49.61],[-74.8,-49.52],[-74.78,-49.49],[-74.73,-49.45],[-74.72,-49.44],[-74.72,-49.42],[-74.74,-49.42],[-74.96,-49.53],[-74.98,-49.56],[-74.99,-49.61],[-74.99,-49.75],[-75.03,-49.84],[-75.07,-49.85],[-75.17,-49.86],[-75.3,-49.85],[-75.45,-49.77],[-75.55,-49.79],[-75.57,-49.7],[-75.52,-49.62],[-75.34,-49.63],[-75.31,-49.49],[-75.36,-49.46],[-75.43,-49.41],[-75.47,-49.36],[-75.43,-49.32],[-75.33,-49.27],[-75.27,-49.26],[-75.22,-49.29],[-75.09,-49.27],[-75.09,-49.19],[-75.21,-49.15],[-75.18,-49.08],[-75.04,-49.02],[-74.95,-48.96],[-74.94,-48.89],[-74.98,-48.82],[-74.97,-48.79],[-74.9,-48.73],[-74.79,-48.7],[-74.75,-48.71],[-74.65,-48.75],[-74.57,-48.76],[-74.55,-48.77],[-74.53,-48.81],[-74.48,-49.15]]],[[[-75.51,-48.76],[-75.62,-48.77],[-75.65,-48.59],[-75.52,-48.33],[-75.51,-48.23],[-75.55,-48.16],[-75.57,-48.1],[-75.56,-48.07],[-75.39,-48.02],[-75.34,-48.07],[-75.27,-48.22],[-75.16,-48.43],[-75.16,-48.62],[-75.22,-48.67],[-75.43,-48.72],[-75.51,-48.76]]],[[[-74.39,-52.92],[-74.37,-52.93],[-74.33,-52.93],[-74.27,-52.95],[-74.07,-52.96],[-73.88,-53.01],[-73.78,-53.06],[-73.65,-53.07],[-73.55,-53.13],[-73.5,-53.14],[-73.45,-53.14],[-73.31,-53.25],[-73.3,-53.26],[-73.14,-53.34],[-73.14,-53.35],[-73.23,-53.36],[-73.41,-53.32],[-73.5,-53.32],[-73.57,-53.31],[-73.58,-53.3],[-73.6,-53.25],[-73.62,-53.23],[-73.79,-53.12],[-73.87,-53.1],[-73.99,-53.08],[-74.14,-53.09],[-74.24,-53.08],[-74.27,-53.08],[-74.41,-52.99],[-74.56,-52.92],[-74.62,-52.83],[-74.71,-52.77],[-74.71,-52.75],[-74.67,-52.73],[-74.57,-52.77],[-74.48,-52.84],[-74.42,-52.86],[-74.39,-52.92]]],[[[-74.57,-48.59],[-74.59,-48.62],[-74.71,-48.6],[-74.92,-48.63],[-75.01,-48.54],[-75.05,-48.39],[-75.08,-48.36],[-75.13,-48.28],[-75.16,-48.23],[-75.21,-48.14],[-75.24,-48.05],[-75.25,-48.03],[-75.2,-47.97],[-74.98,-47.92],[-74.9,-47.84],[-74.83,-47.85],[-74.85,-48.02],[-74.81,-48.08],[-74.73,-48.13],[-74.72,-48.15],[-74.7,-48.21],[-74.66,-48.3],[-74.62,-48.34],[-74.6,-48.37],[-74.6,-48.39],[-74.62,-48.43],[-74.57,-48.59]]],[[[-72.92,-53.48],[-72.9,-53.56],[-72.88,-53.58],[-72.81,-53.57],[-72.69,-53.56],[-72.48,-53.59],[-72.46,-53.6],[-72.37,-53.69],[-72.3,-53.73],[-72.2,-53.81],[-72.3,-53.86],[-72.37,-53.94],[-72.37,-53.98],[-72.41,-54.0],[-72.47,-54.03],[-72.56,-54.07],[-72.68,-54.08],[-72.79,-54.1],[-72.84,-54.12],[-72.87,-54.13],[-72.91,-54.11],[-72.95,-54.09],[-72.96,-54.07],[-72.88,-54.04],[-72.78,-53.95],[-72.76,-53.86],[-72.87,-53.85],[-72.93,-53.86],[-72.99,-53.86],[-73.04,-53.83],[-73.07,-53.87],[-73.09,-53.92],[-73.07,-53.98],[-73.08,-54.0],[-73.12,-54.01],[-73.21,-53.99],[-73.31,-53.94],[-73.31,-53.92],[-73.29,-53.84],[-73.29,-53.79],[-73.31,-53.73],[-73.32,-53.72],[-73.36,-53.72],[-73.47,-53.74],[-73.58,-53.66],[-73.64,-53.57],[-73.85,-53.55],[-73.69,-53.43],[-73.45,-53.41],[-73.37,-53.47],[-73.1,-53.51],[-73.11,-53.45],[-73.11,-53.42],[-73.08,-53.4],[-73.05,-53.39],[-73.02,-53.41],[-72.97,-53.42],[-72.95,-53.44],[-72.92,-53.48]]],[[[-74.82,-51.63],[-74.78,-51.82],[-74.75,-51.85],[-74.65,-51.87],[-74.54,-51.96],[-74.53,-51.99],[-74.67,-52.16],[-74.7,-52.28],[-74.85,-52.27],[-74.92,-52.15],[-75.02,-52.04],[-75.05,-51.9],[-75.11,-51.79],[-75.01,-51.72],[-74.91,-51.74],[-74.91,-51.65],[-74.82,-51.63]]],[[[-69.7,-54.92],[-68.9,-55.02],[-68.65,-54.96],[-68.46,-54.96],[-68.4,-55.04],[-68.6,-55.13],[-68.61,-55.16],[-68.59,-55.18],[-68.38,-55.19],[-68.33,-55.22],[-68.28,-55.25],[-68.32,-55.31],[-68.33,-55.33],[-68.31,-55.36],[-68.15,-55.44],[-68.09,-55.48],[-68.06,-55.52],[-68.05,-55.59],[-68.05,-55.64],[-68.08,-55.65],[-68.16,-55.63],[-68.23,-55.6],[-68.29,-55.52],[-68.34,-55.5],[-68.47,-55.49],[-68.59,-55.45],[-68.69,-55.45],[-68.78,-55.44],[-68.87,-55.45],[-68.9,-55.42],[-68.93,-55.37],[-68.93,-55.35],[-68.89,-55.26],[-68.89,-55.24],[-68.91,-55.24],[-69.01,-55.26],[-69.05,-55.24],[-69.15,-55.18],[-69.19,-55.17],[-69.3,-55.17],[-69.36,-55.27],[-69.36,-55.3],[-69.3,-55.37],[-69.18,-55.48],[-69.24,-55.48],[-69.41,-55.44],[-69.46,-55.42],[-69.51,-55.37],[-69.61,-55.34],[-69.64,-55.32],[-69.66,-55.3],[-69.66,-55.23],[-69.68,-55.22],[-69.82,-55.24],[-69.85,-55.22],[-69.86,-55.19],[-69.89,-55.17],[-69.98,-55.15],[-69.99,-55.13],[-69.95,-55.11],[-69.92,-55.06],[-69.89,-54.88],[-69.7,-54.92]]],[[[-71.39,-54.03],[-71.17,-54.11],[-71.02,-54.11],[-71.02,-54.16],[-71.01,-54.25],[-71.03,-54.28],[-71.08,-54.32],[-71.12,-54.37],[-71.14,-54.37],[-71.3,-54.31],[-71.47,-54.23],[-71.56,-54.25],[-71.67,-54.23],[-71.76,-54.23],[-71.82,-54.28],[-71.95,-54.3],[-71.97,-54.21],[-72.09,-54.12],[-72.21,-54.05],[-72.15,-53.94],[-72.07,-53.92],[-72.0,-53.88],[-71.7,-53.92],[-71.55,-53.96],[-71.39,-54.03]]],[[[-73.73,-44.39],[-73.78,-44.44],[-73.86,-44.44],[-73.98,-44.49],[-74.0,-44.54],[-74.0,-44.59],[-73.92,-44.65],[-73.88,-44.73],[-73.83,-44.84],[-73.79,-44.95],[-73.8,-44.98],[-73.79,-45.03],[-73.73,-45.12],[-73.72,-45.16],[-73.73,-45.2],[-73.75,-45.27],[-73.77,-45.28],[-73.83,-45.28],[-73.83,-45.33],[-73.85,-45.34],[-74.01,-45.35],[-74.1,-45.32],[-74.09,-45.2],[-74.19,-45.14],[-74.27,-45.06],[-74.35,-44.91],[-74.42,-44.86],[-74.5,-44.75],[-74.62,-44.65],[-74.48,-44.59],[-74.5,-44.47],[-74.42,-44.44],[-74.3,-44.4],[-74.21,-44.43],[-74.13,-44.42],[-74.1,-44.39],[-74.11,-44.28],[-74.08,-44.19],[-73.99,-44.14],[-73.9,-44.14],[-73.86,-44.19],[-73.82,-44.23],[-73.7,-44.27],[-73.71,-44.32],[-73.73,-44.39]]],[[[-72.99,-44.78],[-73.23,-44.86],[-73.35,-44.83],[-73.4,-44.77],[-73.42,-44.72],[-73.45,-44.64],[-73.4,-44.6],[-73.32,-44.53],[-73.28,-44.49],[-73.27,-44.44],[-73.27,-44.39],[-73.26,-44.35],[-73.21,-44.34],[-73.03,-44.38],[-72.84,-44.46],[-72.78,-44.51],[-72.77,-44.55],[-72.84,-44.64],[-72.9,-44.71],[-72.99,-44.78]]],[[[-75.04,-44.89],[-75.07,-44.91],[-75.1,-44.9],[-75.12,-44.87],[-75.14,-44.82],[-75.11,-44.8],[-75.08,-44.8],[-75.05,-44.82],[-75.03,-44.87],[-75.04,-44.89]]],[[[-75.3,-50.68],[-75.33,-50.77],[-75.41,-50.76],[-75.44,-50.74],[-75.45,-50.68],[-75.48,-50.65],[-75.44,-50.6],[-75.42,-50.53],[-75.43,-50.48],[-75.3,-50.48],[-75.16,-50.5],[-75.12,-50.51],[-75.16,-50.55],[-75.2,-50.58],[-75.29,-50.6],[-75.3,-50.68]]],[[[-75.11,-48.84],[-75.12,-48.92],[-75.26,-49.07],[-75.39,-49.16],[-75.51,-49.23],[-75.58,-49.23],[-75.64,-49.2],[-75.57,-49.14],[-75.49,-49.08],[-75.52,-49.01],[-75.54,-48.99],[-75.58,-48.98],[-75.64,-48.94],[-75.62,-48.89],[-75.58,-48.86],[-75.53,-48.84],[-75.49,-48.85],[-75.3,-48.81],[-75.24,-48.78],[-75.12,-48.77],[-75.11,-48.84]]],[[[-75.11,-47.84],[-75.18,-47.85],[-75.2,-47.82],[-75.26,-47.76],[-75.2,-47.73],[-75.09,-47.69],[-75.0,-47.69],[-74.93,-47.72],[-74.91,-47.76],[-75.05,-47.8],[-75.08,-47.82],[-75.11,-47.84]]],[[[-74.67,-43.61],[-74.81,-43.63],[-74.84,-43.6],[-74.84,-43.57],[-74.82,-43.55],[-74.75,-43.54],[-74.7,-43.55],[-74.67,-43.58],[-74.67,-43.6],[-74.67,-43.61]]],[[[-73.63,-44.82],[-73.67,-44.83],[-73.69,-44.83],[-73.72,-44.8],[-73.73,-44.75],[-73.8,-44.68],[-73.82,-44.65],[-73.82,-44.61],[-73.78,-44.56],[-73.72,-44.54],[-73.69,-44.55],[-73.64,-44.61],[-73.63,-44.68],[-73.62,-44.75],[-73.63,-44.82]]],[[[-74.56,-51.28],[-74.56,-51.36],[-74.59,-51.39],[-74.62,-51.4],[-74.69,-51.37],[-74.73,-51.37],[-74.8,-51.41],[-74.85,-51.43],[-74.94,-51.43],[-75.05,-51.4],[-75.15,-51.52],[-75.19,-51.57],[-75.29,-51.62],[-75.3,-51.56],[-75.24,-51.45],[-75.21,-51.38],[-75.15,-51.28],[-75.04,-51.32],[-74.88,-51.28],[-74.73,-51.21],[-74.61,-51.21],[-74.57,-51.25],[-74.56,-51.28]]],[[[-75.06,-50.3],[-75.25,-50.38],[-75.31,-50.34],[-75.45,-50.34],[-75.41,-50.26],[-75.4,-50.19],[-75.38,-50.17],[-75.37,-50.11],[-75.33,-50.01],[-75.21,-50.04],[-75.12,-50.06],[-75.0,-50.09],[-74.88,-50.11],[-74.84,-50.2],[-74.96,-50.24],[-75.06,-50.3]]],[[[-73.81,-43.83],[-73.79,-43.88],[-73.83,-43.88],[-73.9,-43.88],[-73.94,-43.92],[-73.96,-43.92],[-74.12,-43.89],[-74.14,-43.87],[-74.14,-43.82],[-73.97,-43.82],[-73.86,-43.78],[-73.84,-43.79],[-73.81,-43.83]]],[[[-74.14,-51.93],[-74.17,-51.94],[-74.28,-51.92],[-74.34,-51.9],[-74.43,-51.85],[-74.44,-51.79],[-74.48,-51.73],[-74.45,-51.73],[-74.36,-51.75],[-74.32,-51.77],[-74.28,-51.81],[-74.13,-51.87],[-74.12,-51.89],[-74.12,-51.91],[-74.14,-51.93]]],[[[-74.31,-45.69],[-74.37,-45.74],[-74.46,-45.76],[-74.56,-45.72],[-74.68,-45.74],[-74.69,-45.66],[-74.64,-45.6],[-74.56,-45.53],[-74.49,-45.43],[-74.5,-45.28],[-74.45,-45.25],[-74.42,-45.2],[-74.31,-45.17],[-74.28,-45.28],[-74.31,-45.46],[-74.24,-45.57],[-74.23,-45.61],[-74.25,-45.65],[-74.31,-45.69]]],[[[-67.57,-55.89],[-67.61,-55.89],[-67.7,-55.87],[-67.83,-55.87],[-67.85,-55.86],[-67.85,-55.84],[-67.83,-55.83],[-67.76,-55.82],[-67.55,-55.83],[-67.52,-55.83],[-67.51,-55.84],[-67.55,-55.88],[-67.57,-55.89]]],[[[-66.47,-55.23],[-66.55,-55.27],[-66.61,-55.27],[-66.63,-55.25],[-66.63,-55.23],[-66.62,-55.21],[-66.6,-55.19],[-66.54,-55.17],[-66.52,-55.17],[-66.44,-55.19],[-66.47,-55.23]]],[[[-70.99,-54.87],[-70.94,-54.93],[-70.93,-54.94],[-70.8,-54.97],[-70.75,-54.95],[-70.62,-54.95],[-70.53,-54.92],[-70.42,-54.91],[-70.28,-55.07],[-70.3,-55.11],[-70.4,-55.17],[-70.48,-55.18],[-70.54,-55.16],[-70.54,-55.13],[-70.55,-55.11],[-70.6,-55.08],[-70.64,-55.08],[-70.71,-55.11],[-70.75,-55.1],[-70.81,-55.08],[-70.94,-55.06],[-70.97,-55.04],[-70.97,-55.01],[-70.99,-54.99],[-71.12,-54.94],[-71.2,-54.89],[-71.28,-54.89],[-71.3,-54.89],[-71.33,-54.91],[-71.39,-54.93],[-71.4,-54.93],[-71.43,-54.91],[-71.44,-54.89],[-71.41,-54.84],[-71.37,-54.83],[-71.2,-54.84],[-71.09,-54.87],[-70.99,-54.87]]],[[[-67.29,-55.78],[-67.33,-55.78],[-67.35,-55.77],[-67.39,-55.75],[-67.56,-55.73],[-67.56,-55.71],[-67.55,-55.68],[-67.51,-55.66],[-67.45,-55.64],[-67.4,-55.58],[-67.37,-55.59],[-67.35,-55.61],[-67.31,-55.69],[-67.26,-55.74],[-67.27,-55.76],[-67.29,-55.78]]]]}},{"type":"Feature","properties":{"name":"Brazil"},"geometry":{"type":"MultiPolygon","coordinates":[[[[-66.88,1.22],[-66.62,0.99],[-66.43,0.82],[-66.35,0.77],[-66.3,0.75],[-66.19,0.76],[-66.06,0.79],[-66.0,0.81],[-65.93,0.86],[-65.81,0.94],[-65.72,0.98],[-65.68,0.98],[-65.64,0.97],[-65.57,0.93],[-65.52,0.84],[-65.56,0.75],[-65.55,0.69],[-65.47,0.69],[-65.41,0.79],[-65.36,0.87],[-65.26,0.93],[-65.17,1.02],[-65.1,1.11],[-65.03,1.16],[-64.91,1.22],[-64.82,1.26],[-64.73,1.25],[-64.67,1.29],[-64.58,1.37],[-64.53,1.43],[-64.49,1.45],[-64.41,1.45],[-64.31,1.46],[-64.2,1.53],[-64.11,1.62],[-64.07,1.77],[-64.04,1.91],[-64.01,1.93],[-63.97,1.95],[-63.94,1.97],[-63.84,1.98],[-63.68,2.05],[-63.57,2.12],[-63.46,2.14],[-63.43,2.16],[-63.39,2.22],[-63.37,2.34],[-63.39,2.41],[-63.59,2.43],[-63.71,2.43],[-63.92,2.45],[-64.02,2.48],[-64.05,2.5],[-64.05,2.52],[-64.03,2.58],[-64.01,2.67],[-64.04,2.8],[-64.14,3.01],[-64.22,3.21],[-64.23,3.34],[-64.23,3.49],[-64.22,3.59],[-64.28,3.66],[-64.57,3.9],[-64.67,4.01],[-64.7,4.09],[-64.82,4.23],[-64.79,4.28],[-64.72,4.27],[-64.67,4.24],[-64.62,4.16],[-64.58,4.14],[-64.53,4.14],[-64.26,4.14],[-64.19,4.13],[-64.15,4.1],[-64.12,4.07],[-64.07,3.97],[-64.02,3.93],[-63.91,3.93],[-63.75,3.93],[-63.65,3.94],[-63.6,3.92],[-63.53,3.89],[-63.38,3.94],[-63.34,3.94],[-63.29,3.92],[-63.14,3.76],[-63.05,3.69],[-62.97,3.59],[-62.86,3.59],[-62.76,3.67],[-62.74,3.94],[-62.71,4.02],[-62.66,4.04],[-62.61,4.04],[-62.55,4.08],[-62.47,4.14],[-62.41,4.16],[-62.15,4.1],[-62.08,4.13],[-61.82,4.2],[-61.56,4.29],[-61.48,4.4],[-61.37,4.43],[-61.28,4.52],[-61.21,4.51],[-61.1,4.5],[-61.04,4.52],[-61.0,4.54],[-60.96,4.57],[-60.91,4.69],[-60.83,4.73],[-60.74,4.77],[-60.68,4.83],[-60.63,4.89],[-60.6,4.95],[-60.6,5.0],[-60.63,5.08],[-60.67,5.16],[-60.71,5.19],[-60.74,5.2],[-60.65,5.22],[-60.58,5.19],[-60.46,5.19],[-60.41,5.21],[-60.33,5.2],[-60.24,5.26],[-60.18,5.24],[-60.14,5.24],[-60.1,5.19],[-60.08,5.14],[-59.99,5.08],[-60.0,4.99],[-60.01,4.91],[-60.03,4.81],[-60.03,4.74],[-60.07,4.67],[-60.13,4.6],[-60.14,4.57],[-60.15,4.53],[-60.11,4.51],[-60.05,4.5],[-59.96,4.5],[-59.91,4.48],[-59.83,4.48],[-59.74,4.42],[-59.7,4.38],[-59.7,4.35],[-59.73,4.29],[-59.74,4.23],[-59.72,4.19],[-59.69,4.16],[-59.62,4.02],[-59.59,3.98],[-59.56,3.96],[-59.55,3.93],[-59.58,3.88],[-59.6,3.82],[-59.67,3.75],[-59.68,3.7],[-59.73,3.67],[-59.86,3.59],[-59.83,3.46],[-59.83,3.4],[-59.83,3.35],[-59.87,3.28],[-59.95,3.09],[-59.97,2.99],[-60.0,2.77],[-59.99,2.69],[-59.96,2.59],[-59.89,2.36],[-59.85,2.33],[-59.76,2.27],[-59.74,2.12],[-59.75,1.96],[-59.76,1.9],[-59.74,1.87],[-59.7,1.86],[-59.67,1.84],[-59.67,1.8],[-59.67,1.75],[-59.6,1.72],[-59.54,1.7],[-59.48,1.63],[-59.38,1.53],[-59.34,1.51],[-59.32,1.46],[-59.23,1.38],[-59.1,1.34],[-58.97,1.3],[-58.92,1.25],[-58.86,1.2],[-58.82,1.2],[-58.79,1.21],[-58.73,1.25],[-58.69,1.28],[-58.61,1.28],[-58.51,1.29],[-58.5,1.31],[-58.49,1.35],[-58.51,1.44],[-58.47,1.47],[-58.39,1.48],[-58.38,1.53],[-58.36,1.56],[-58.34,1.59],[-58.32,1.59],[-58.28,1.58],[-58.23,1.56],[-58.17,1.55],[-58.14,1.52],[-58.09,1.51],[-58.03,1.52],[-58.01,1.54],[-57.99,1.58],[-57.98,1.65],[-57.95,1.65],[-57.87,1.67],[-57.8,1.7],[-57.69,1.71],[-57.6,1.7],[-57.54,1.73],[-57.5,1.77],[-57.41,1.91],[-57.37,1.94],[-57.32,1.96],[-57.27,1.96],[-57.19,1.98],[-57.12,2.01],[-57.09,2.01],[-57.04,1.94],[-57.01,1.92],[-56.97,1.92],[-56.84,1.88],[-56.77,1.89],[-56.69,1.91],[-56.62,1.92],[-56.56,1.91],[-56.53,1.93],[-56.48,1.94],[-56.45,1.93],[-56.39,1.92],[-56.23,1.89],[-56.02,1.84],[-55.96,1.86],[-55.93,1.89],[-55.92,1.98],[-55.91,2.04],[-55.96,2.1],[-56.02,2.16],[-56.07,2.24],[-56.14,2.26],[-56.13,2.3],[-56.09,2.34],[-56.04,2.37],[-56.02,2.39],[-55.99,2.5],[-55.98,2.52],[-55.96,2.52],[-55.94,2.52],[-55.89,2.49],[-55.73,2.41],[-55.66,2.42],[-55.38,2.44],[-55.35,2.49],[-55.29,2.5],[-55.19,2.55],[-55.15,2.55],[-55.11,2.54],[-55.07,2.55],[-55.01,2.59],[-54.98,2.6],[-54.97,2.55],[-54.93,2.5],[-54.88,2.45],[-54.85,2.44],[-54.77,2.46],[-54.72,2.44],[-54.7,2.4],[-54.7,2.36],[-54.66,2.33],[-54.62,2.33],[-54.59,2.31],[-54.55,2.29],[-54.51,2.25],[-54.43,2.21],[-54.29,2.16],[-54.23,2.15],[-54.17,2.14],[-54.13,2.12],[-54.09,2.15],[-53.94,2.23],[-53.88,2.28],[-53.83,2.31],[-53.79,2.35],[-53.77,2.35],[-53.75,2.34],[-53.74,2.31],[-53.68,2.29],[-53.56,2.26],[-53.51,2.25],[-53.43,2.28],[-53.37,2.32],[-53.33,2.34],[-53.29,2.3],[-53.25,2.23],[-53.23,2.21],[-53.18,2.21],[-53.08,2.2],[-53.01,2.18],[-52.97,2.18],[-52.9,2.21],[-52.87,2.27],[-52.78,2.32],[-52.7,2.36],[-52.65,2.43],[-52.58,2.53],[-52.56,2.57],[-52.56,2.65],[-52.45,2.86],[-52.42,2.9],[-52.4,2.97],[-52.36,3.05],[-52.36,3.12],[-52.33,3.18],[-52.27,3.24],[-52.23,3.27],[-52.16,3.37],[-52.12,3.45],[-52.0,3.65],[-51.99,3.7],[-51.94,3.73],[-51.93,3.78],[-51.88,3.83],[-51.83,3.87],[-51.81,3.93],[-51.77,3.99],[-51.68,4.04],[-51.65,4.06],[-51.56,4.23],[-51.55,4.31],[-51.46,4.31],[-51.33,4.22],[-51.22,4.09],[-51.08,3.67],[-51.05,3.28],[-50.99,3.08],[-50.83,2.65],[-50.82,2.57],[-50.79,2.48],[-50.74,2.38],[-50.68,2.21],[-50.68,2.18],[-50.72,2.13],[-50.66,2.13],[-50.61,2.1],[-50.58,2.0],[-50.54,1.93],[-50.46,1.83],[-50.31,1.8],[-50.19,1.79],[-50.05,1.73],[-49.96,1.66],[-49.88,1.42],[-49.91,1.27],[-49.9,1.16],[-49.94,1.12],[-50.05,1.05],[-50.07,1.01],[-50.29,0.84],[-50.34,0.75],[-50.46,0.64],[-50.58,0.42],[-50.76,0.22],[-50.82,0.17],[-50.91,0.16],[-50.97,0.13],[-51.1,-0.03],[-51.28,-0.08],[-51.3,-0.18],[-51.4,-0.39],[-51.5,-0.51],[-51.55,-0.55],[-51.7,-0.76],[-51.72,-0.86],[-51.72,-1.02],[-51.82,-1.12],[-51.92,-1.18],[-51.94,-1.32],[-51.98,-1.37],[-52.02,-1.4],[-52.23,-1.36],[-52.56,-1.51],[-52.66,-1.55],[-52.31,-1.56],[-52.2,-1.64],[-51.95,-1.59],[-51.65,-1.4],[-51.53,-1.35],[-51.3,-1.22],[-51.2,-1.14],[-51.03,-1.03],[-50.99,-0.99],[-50.9,-0.94],[-50.84,-1.0],[-50.84,-1.04],[-50.92,-1.12],[-50.9,-1.16],[-50.85,-1.23],[-50.83,-1.31],[-50.82,-1.38],[-50.79,-1.49],[-50.68,-1.64],[-50.68,-1.7],[-50.69,-1.76],[-50.64,-1.82],[-50.59,-1.85],[-50.4,-2.01],[-50.26,-1.92],[-50.17,-1.9],[-50.12,-1.86],[-50.0,-1.83],[-49.9,-1.87],[-49.72,-1.93],[-49.59,-1.87],[-49.32,-1.73],[-49.4,-1.97],[-49.46,-2.19],[-49.51,-2.28],[-49.55,-2.52],[-49.6,-2.58],[-49.64,-2.66],[-49.57,-2.63],[-49.52,-2.6],[-49.46,-2.5],[-49.41,-2.34],[-49.21,-1.92],[-49.15,-1.88],[-48.99,-1.83],[-48.71,-1.49],[-48.6,-1.49],[-48.53,-1.57],[-48.46,-1.61],[-48.45,-1.52],[-48.35,-1.48],[-48.45,-1.44],[-48.47,-1.39],[-48.48,-1.32],[-48.41,-1.23],[-48.45,-1.15],[-48.31,-1.04],[-48.32,-0.96],[-48.27,-0.9],[-48.2,-0.83],[-48.13,-0.79],[-48.12,-0.74],[-48.07,-0.71],[-48.03,-0.71],[-47.96,-0.77],[-47.88,-0.69],[-47.81,-0.66],[-47.77,-0.68],[-47.73,-0.71],[-47.69,-0.73],[-47.65,-0.72],[-47.56,-0.67],[-47.47,-0.75],[-47.42,-0.77],[-47.43,-0.72],[-47.46,-0.68],[-47.44,-0.65],[-47.4,-0.63],[-47.27,-0.65],[-47.2,-0.68],[-47.13,-0.75],[-47.03,-0.75],[-46.94,-0.74],[-46.89,-0.78],[-46.81,-0.78],[-46.77,-0.84],[-46.64,-0.92],[-46.62,-0.97],[-46.52,-1.0],[-46.42,-1.03],[-46.32,-1.04],[-46.22,-1.03],[-46.22,-1.1],[-46.14,-1.12],[-46.05,-1.1],[-45.97,-1.19],[-45.78,-1.25],[-45.64,-1.35],[-45.56,-1.33],[-45.46,-1.36],[-45.35,-1.57],[-45.33,-1.72],[-45.28,-1.7],[-45.24,-1.63],[-45.18,-1.51],[-45.08,-1.47],[-45.03,-1.51],[-44.92,-1.59],[-44.83,-1.67],[-44.79,-1.72],[-44.72,-1.73],[-44.78,-1.8],[-44.72,-1.79],[-44.65,-1.75],[-44.59,-1.84],[-44.55,-1.95],[-44.54,-2.05],[-44.58,-2.11],[-44.62,-2.15],[-44.66,-2.23],[-44.71,-2.24],[-44.76,-2.26],[-44.7,-2.32],[-44.66,-2.37],[-44.58,-2.23],[-44.52,-2.19],[-44.44,-2.17],[-44.39,-2.27],[-44.38,-2.37],[-44.52,-2.41],[-44.52,-2.48],[-44.56,-2.52],[-44.59,-2.57],[-44.61,-2.68],[-44.64,-2.76],[-44.72,-3.14],[-44.72,-3.2],[-44.62,-3.14],[-44.44,-2.94],[-44.38,-2.74],[-44.31,-2.54],[-44.23,-2.47],[-44.18,-2.47],[-44.11,-2.49],[-44.1,-2.56],[-44.11,-2.6],[-44.19,-2.7],[-44.22,-2.75],[-44.19,-2.81],[-44.01,-2.64],[-43.93,-2.58],[-43.86,-2.59],[-43.73,-2.52],[-43.45,-2.5],[-43.44,-2.41],[-43.38,-2.38],[-43.23,-2.39],[-42.94,-2.46],[-42.83,-2.53],[-42.68,-2.59],[-42.59,-2.66],[-42.25,-2.79],[-42.0,-2.81],[-41.88,-2.75],[-41.72,-2.81],[-41.64,-2.88],[-41.48,-2.92],[-41.32,-2.94],[-41.19,-2.89],[-40.88,-2.87],[-40.47,-2.8],[-40.24,-2.81],[-39.97,-2.86],[-39.77,-2.99],[-39.61,-3.06],[-39.51,-3.13],[-39.35,-3.2],[-39.02,-3.39],[-38.9,-3.5],[-38.69,-3.65],[-38.48,-3.72],[-38.36,-3.88],[-38.27,-3.95],[-38.05,-4.22],[-37.79,-4.4],[-37.63,-4.59],[-37.3,-4.71],[-37.18,-4.91],[-36.96,-4.94],[-36.86,-4.97],[-36.75,-5.05],[-36.59,-5.1],[-36.39,-5.08],[-36.16,-5.09],[-35.98,-5.05],[-35.55,-5.13],[-35.48,-5.17],[-35.39,-5.25],[-35.24,-5.57],[-35.14,-5.92],[-35.09,-6.18],[-34.99,-6.39],[-34.93,-6.79],[-34.88,-6.91],[-34.88,-7.0],[-34.83,-7.02],[-34.81,-7.29],[-34.82,-7.39],[-34.86,-7.53],[-34.86,-7.59],[-34.85,-7.63],[-34.87,-7.69],[-34.88,-7.75],[-34.84,-7.87],[-34.84,-7.97],[-34.89,-8.09],[-34.97,-8.41],[-35.16,-8.93],[-35.34,-9.23],[-35.6,-9.54],[-35.76,-9.7],[-35.83,-9.72],[-35.89,-9.69],[-35.85,-9.77],[-35.89,-9.85],[-36.06,-10.08],[-36.22,-10.22],[-36.4,-10.48],[-36.41,-10.49],[-36.64,-10.59],[-36.77,-10.67],[-36.94,-10.82],[-37.09,-11.05],[-37.13,-11.09],[-37.18,-11.07],[-37.18,-11.19],[-37.32,-11.38],[-37.36,-11.4],[-37.36,-11.35],[-37.33,-11.31],[-37.32,-11.27],[-37.32,-11.22],[-37.36,-11.25],[-37.44,-11.39],[-37.41,-11.5],[-37.47,-11.65],[-37.69,-12.1],[-37.96,-12.48],[-38.02,-12.59],[-38.24,-12.84],[-38.4,-12.97],[-38.45,-12.97],[-38.5,-12.96],[-38.53,-12.76],[-38.66,-12.64],[-38.69,-12.62],[-38.75,-12.75],[-38.79,-12.78],[-38.85,-12.79],[-38.78,-12.84],[-38.76,-12.91],[-38.83,-13.03],[-38.84,-13.15],[-38.96,-13.27],[-39.03,-13.36],[-39.07,-13.48],[-39.09,-13.59],[-39.03,-13.56],[-39.01,-13.58],[-38.99,-13.61],[-39.0,-13.67],[-39.04,-13.76],[-39.03,-13.99],[-39.05,-14.04],[-39.01,-14.1],[-38.96,-14.0],[-38.94,-14.03],[-39.06,-14.65],[-39.01,-14.94],[-39.0,-15.25],[-38.94,-15.56],[-38.89,-15.84],[-38.88,-15.86],[-38.96,-16.19],[-39.06,-16.5],[-39.12,-16.76],[-39.16,-17.04],[-39.2,-17.18],[-39.22,-17.32],[-39.17,-17.64],[-39.16,-17.7],[-39.28,-17.85],[-39.41,-17.92],[-39.49,-17.99],[-39.65,-18.25],[-39.74,-18.64],[-39.74,-18.85],[-39.7,-19.28],[-39.73,-19.45],[-39.78,-19.57],[-39.84,-19.65],[-40.0,-19.74],[-40.14,-19.97],[-40.2,-20.21],[-40.3,-20.29],[-40.32,-20.43],[-40.39,-20.57],[-40.6,-20.78],[-40.73,-20.85],[-40.79,-20.91],[-40.83,-21.03],[-40.96,-21.24],[-41.05,-21.5],[-41.02,-21.6],[-41.02,-21.61],[-40.99,-21.92],[-41.0,-22.0],[-41.12,-22.08],[-41.58,-22.24],[-41.7,-22.31],[-41.98,-22.58],[-42.0,-22.64],[-41.99,-22.74],[-41.94,-22.79],[-41.99,-22.85],[-42.04,-22.95],[-42.12,-22.94],[-42.58,-22.94],[-42.83,-22.97],[-42.96,-22.97],[-43.02,-22.94],[-43.08,-22.9],[-43.1,-22.85],[-43.07,-22.77],[-43.09,-22.72],[-43.16,-22.73],[-43.23,-22.75],[-43.24,-22.79],[-43.24,-22.83],[-43.21,-22.88],[-43.2,-22.94],[-43.22,-22.99],[-43.37,-23.0],[-43.53,-23.05],[-43.74,-23.07],[-43.9,-23.1],[-43.97,-23.06],[-43.9,-23.03],[-43.79,-23.05],[-43.68,-23.01],[-43.7,-22.97],[-43.86,-22.91],[-44.05,-22.94],[-44.15,-23.01],[-44.37,-23.0],[-44.64,-23.06],[-44.68,-23.11],[-44.67,-23.21],[-44.62,-23.23],[-44.57,-23.27],[-44.62,-23.32],[-44.67,-23.33],[-44.95,-23.38],[-45.21,-23.58],[-45.33,-23.6],[-45.42,-23.69],[-45.43,-23.76],[-45.46,-23.8],[-45.53,-23.81],[-45.66,-23.77],[-45.84,-23.76],[-45.97,-23.79],[-46.63,-24.11],[-46.87,-24.24],[-47.14,-24.49],[-47.59,-24.78],[-47.83,-24.95],[-47.88,-25.0],[-47.91,-25.0],[-47.99,-25.04],[-47.96,-25.07],[-47.91,-25.07],[-47.93,-25.17],[-48.02,-25.24],[-48.2,-25.42],[-48.24,-25.4],[-48.18,-25.31],[-48.27,-25.31],[-48.4,-25.27],[-48.46,-25.31],[-48.43,-25.4],[-48.48,-25.44],[-48.56,-25.45],[-48.65,-25.44],[-48.73,-25.37],[-48.69,-25.49],[-48.51,-25.52],[-48.43,-25.55],[-48.4,-25.6],[-48.54,-25.82],[-48.67,-25.84],[-48.68,-25.87],[-48.61,-25.87],[-48.58,-25.94],[-48.62,-26.18],[-48.68,-26.23],[-48.71,-26.23],[-48.75,-26.27],[-48.7,-26.35],[-48.65,-26.41],[-48.66,-26.52],[-48.68,-26.61],[-48.68,-26.7],[-48.62,-26.88],[-48.6,-27.06],[-48.57,-27.12],[-48.56,-27.2],[-48.6,-27.26],[-48.57,-27.37],[-48.64,-27.56],[-48.61,-27.83],[-48.62,-28.08],[-48.65,-28.21],[-48.69,-28.31],[-48.8,-28.44],[-48.8,-28.58],[-49.02,-28.7],[-49.27,-28.87],[-49.5,-29.08],[-49.75,-29.36],[-50.04,-29.8],[-50.3,-30.43],[-50.62,-30.9],[-50.75,-31.07],[-50.92,-31.26],[-51.15,-31.48],[-51.46,-31.7],[-51.8,-31.9],[-51.92,-31.99],[-52.04,-32.12],[-52.07,-32.06],[-52.04,-31.98],[-52.06,-31.91],[-52.06,-31.83],[-51.99,-31.82],[-51.89,-31.87],[-51.84,-31.83],[-51.8,-31.8],[-51.68,-31.78],[-51.45,-31.56],[-51.27,-31.48],[-51.17,-31.34],[-51.16,-31.27],[-51.16,-31.12],[-51.1,-31.08],[-50.98,-31.09],[-50.95,-31.05],[-50.96,-31.01],[-50.94,-30.9],[-50.77,-30.81],[-50.69,-30.7],[-50.72,-30.43],[-50.69,-30.41],[-50.61,-30.46],[-50.58,-30.44],[-50.55,-30.32],[-50.56,-30.25],[-50.65,-30.24],[-50.93,-30.37],[-51.03,-30.37],[-51.04,-30.26],[-51.18,-30.21],[-51.23,-30.12],[-51.25,-30.06],[-51.3,-30.04],[-51.3,-30.14],[-51.28,-30.24],[-51.16,-30.36],[-51.19,-30.41],[-51.25,-30.47],[-51.29,-30.59],[-51.28,-30.75],[-51.32,-30.7],[-51.36,-30.67],[-51.38,-30.85],[-51.46,-30.91],[-51.49,-30.98],[-51.46,-31.05],[-51.51,-31.11],[-51.72,-31.24],[-51.93,-31.34],[-51.97,-31.38],[-51.99,-31.49],[-52.03,-31.6],[-52.12,-31.7],[-52.2,-31.89],[-52.19,-31.97],[-52.17,-32.09],[-52.13,-32.17],[-52.19,-32.22],[-52.27,-32.32],[-52.34,-32.44],[-52.51,-32.88],[-52.65,-33.14],[-52.76,-33.27],[-52.92,-33.4],[-53.37,-33.74],[-53.4,-33.74],[-53.46,-33.71],[-53.52,-33.68],[-53.53,-33.66],[-53.54,-33.62],[-53.53,-33.5],[-53.53,-33.17],[-53.51,-33.11],[-53.48,-33.07],[-53.39,-33.01],[-53.31,-32.93],[-53.21,-32.82],[-53.12,-32.74],[-53.16,-32.68],[-53.23,-32.63],[-53.36,-32.58],[-53.49,-32.5],[-53.6,-32.4],[-53.65,-32.3],[-53.7,-32.19],[-53.75,-32.1],[-53.76,-32.06],[-53.8,-32.04],[-53.88,-31.99],[-53.92,-31.95],[-53.98,-31.93],[-54.1,-31.9],[-54.22,-31.86],[-54.37,-31.75],[-54.48,-31.62],[-54.53,-31.54],[-54.59,-31.49],[-54.9,-31.39],[-55.04,-31.28],[-55.09,-31.31],[-55.17,-31.28],[-55.26,-31.22],[-55.28,-31.18],[-55.31,-31.14],[-55.35,-31.09],[-55.37,-31.05],[-55.45,-30.96],[-55.56,-30.88],[-55.6,-30.85],[-55.63,-30.86],[-55.65,-30.89],[-55.67,-30.92],[-55.71,-30.95],[-55.76,-30.99],[-55.81,-31.04],[-55.87,-31.07],[-55.95,-31.08],[-56.0,-31.08],[-56.01,-31.06],[-56.02,-30.99],[-56.0,-30.84],[-56.04,-30.78],[-56.1,-30.71],[-56.18,-30.63],[-56.41,-30.45],[-56.72,-30.19],[-56.83,-30.11],[-56.94,-30.1],[-57.03,-30.11],[-57.12,-30.15],[-57.19,-30.26],[-57.21,-30.28],[-57.38,-30.28],[-57.55,-30.26],[-57.61,-30.19],[-57.56,-30.14],[-57.4,-30.03],[-57.32,-29.94],[-57.3,-29.86],[-57.22,-29.78],[-57.09,-29.72],[-56.94,-29.59],[-56.77,-29.42],[-56.67,-29.29],[-56.64,-29.2],[-56.57,-29.14],[-56.48,-29.09],[-56.39,-29.0],[-56.32,-28.85],[-56.23,-28.74],[-56.1,-28.65],[-56.03,-28.58],[-56.02,-28.53],[-55.99,-28.49],[-55.93,-28.47],[-55.9,-28.44],[-55.91,-28.4],[-55.89,-28.37],[-55.86,-28.35],[-55.81,-28.36],[-55.73,-28.39],[-55.69,-28.38],[-55.67,-28.34],[-55.69,-28.3],[-55.74,-28.26],[-55.73,-28.2],[-55.58,-28.12],[-55.48,-28.09],[-55.41,-28.04],[-55.35,-27.96],[-55.24,-27.9],[-55.1,-27.87],[-55.06,-27.84],[-55.07,-27.8],[-55.04,-27.77],[-54.96,-27.75],[-54.91,-27.71],[-54.9,-27.65],[-54.88,-27.6],[-54.83,-27.55],[-54.78,-27.53],[-54.72,-27.54],[-54.66,-27.53],[-54.61,-27.48],[-54.55,-27.45],[-54.48,-27.46],[-54.45,-27.45],[-54.33,-27.42],[-54.26,-27.38],[-54.2,-27.29],[-54.16,-27.25],[-54.11,-27.28],[-54.04,-27.24],[-53.93,-27.16],[-53.92,-27.16],[-53.84,-27.12],[-53.76,-26.98],[-53.72,-26.88],[-53.73,-26.81],[-53.75,-26.75],[-53.74,-26.67],[-53.72,-26.44],[-53.71,-26.35],[-53.67,-26.29],[-53.67,-26.23],[-53.75,-26.08],[-53.82,-25.96],[-53.87,-25.75],[-53.89,-25.67],[-53.96,-25.65],[-54.01,-25.58],[-54.09,-25.57],[-54.12,-25.54],[-54.15,-25.52],[-54.21,-25.53],[-54.25,-25.57],[-54.33,-25.57],[-54.38,-25.59],[-54.45,-25.62],[-54.5,-25.61],[-54.54,-25.58],[-54.61,-25.58],[-54.61,-25.43],[-54.47,-25.22],[-54.44,-25.12],[-54.45,-25.07],[-54.41,-24.87],[-54.31,-24.53],[-54.28,-24.31],[-54.32,-24.2],[-54.32,-24.13],[-54.27,-24.07],[-54.24,-24.05],[-54.37,-23.97],[-54.44,-23.9],[-54.53,-23.85],[-54.63,-23.81],[-54.67,-23.83],[-54.72,-23.85],[-54.82,-23.89],[-54.93,-23.95],[-54.98,-23.98],[-55.08,-24.0],[-55.19,-24.02],[-55.29,-24.0],[-55.37,-23.99],[-55.42,-23.95],[-55.44,-23.87],[-55.44,-23.79],[-55.46,-23.69],[-55.52,-23.63],[-55.54,-23.58],[-55.54,-23.52],[-55.54,-23.46],[-55.52,-23.42],[-55.53,-23.36],[-55.55,-23.32],[-55.55,-23.25],[-55.56,-23.15],[-55.6,-23.1],[-55.62,-23.03],[-55.62,-22.96],[-55.65,-22.89],[-55.65,-22.81],[-55.63,-22.74],[-55.62,-22.67],[-55.65,-22.62],[-55.71,-22.59],[-55.75,-22.51],[-55.75,-22.41],[-55.8,-22.35],[-55.85,-22.31],[-55.91,-22.31],[-55.99,-22.28],[-56.07,-22.28],[-56.19,-22.28],[-56.25,-22.27],[-56.28,-22.23],[-56.35,-22.18],[-56.4,-22.09],[-56.45,-22.08],[-56.52,-22.1],[-56.55,-22.14],[-56.58,-22.18],[-56.63,-22.23],[-56.7,-22.23],[-56.77,-22.26],[-56.85,-22.27],[-56.94,-22.27],[-57.03,-22.24],[-57.14,-22.22],[-57.24,-22.2],[-57.33,-22.22],[-57.39,-22.2],[-57.48,-22.19],[-57.57,-22.18],[-57.64,-22.13],[-57.72,-22.1],[-57.76,-22.11],[-57.82,-22.14],[-57.88,-22.14],[-57.96,-22.11],[-57.98,-22.05],[-57.98,-22.01],[-57.96,-21.97],[-57.93,-21.91],[-57.95,-21.85],[-57.94,-21.8],[-57.93,-21.75],[-57.92,-21.7],[-57.93,-21.65],[-57.93,-21.6],[-57.94,-21.55],[-57.94,-21.49],[-57.9,-21.42],[-57.87,-21.36],[-57.89,-21.3],[-57.89,-21.27],[-57.86,-21.21],[-57.83,-21.13],[-57.83,-21.0],[-57.86,-20.92],[-57.89,-20.9],[-57.9,-20.87],[-57.88,-20.84],[-57.9,-20.81],[-57.91,-20.78],[-57.89,-20.75],[-57.92,-20.69],[-57.96,-20.67],[-57.98,-20.66],[-57.99,-20.59],[-58.01,-20.52],[-58.0,-20.47],[-58.03,-20.42],[-58.06,-20.39],[-58.09,-20.33],[-58.12,-20.29],[-58.14,-20.24],[-58.16,-20.16],[-58.09,-20.15],[-58.07,-20.11],[-58.02,-20.06],[-57.96,-20.04],[-57.89,-20.02],[-57.86,-19.98],[-58.03,-19.83],[-58.13,-19.74],[-58.07,-19.62],[-57.97,-19.42],[-57.88,-19.23],[-57.8,-19.08],[-57.78,-19.05],[-57.72,-19.04],[-57.73,-18.97],[-57.73,-18.92],[-57.78,-18.91],[-57.72,-18.73],[-57.64,-18.48],[-57.57,-18.28],[-57.55,-18.25],[-57.51,-18.24],[-57.49,-18.22],[-57.55,-18.18],[-57.59,-18.12],[-57.66,-17.95],[-57.78,-17.67],[-57.79,-17.57],[-57.83,-17.51],[-57.9,-17.53],[-57.99,-17.51],[-58.21,-17.36],[-58.35,-17.28],[-58.39,-17.23],[-58.42,-17.08],[-58.46,-16.91],[-58.48,-16.7],[-58.47,-16.65],[-58.35,-16.49],[-58.35,-16.41],[-58.34,-16.34],[-58.34,-16.28],[-58.38,-16.28],[-58.42,-16.31],[-58.5,-16.33],[-58.54,-16.33],[-58.96,-16.31],[-59.43,-16.3],[-59.83,-16.28],[-60.18,-16.27],[-60.19,-16.13],[-60.21,-15.9],[-60.22,-15.74],[-60.24,-15.48],[-60.38,-15.32],[-60.53,-15.14],[-60.58,-15.1],[-60.4,-15.09],[-60.27,-15.09],[-60.3,-14.62],[-60.34,-14.57],[-60.37,-14.42],[-60.4,-14.33],[-60.46,-14.26],[-60.48,-14.18],[-60.46,-14.13],[-60.43,-14.1],[-60.4,-14.02],[-60.42,-13.94],[-60.46,-13.86],[-60.51,-13.79],[-60.59,-13.75],[-60.72,-13.67],[-60.91,-13.56],[-61.08,-13.49],[-61.13,-13.5],[-61.41,-13.53],[-61.51,-13.54],[-61.58,-13.52],[-61.79,-13.53],[-61.88,-13.47],[-61.94,-13.41],[-62.1,-13.24],[-62.12,-13.16],[-62.17,-13.13],[-62.26,-13.14],[-62.35,-13.13],[-62.53,-13.06],[-62.69,-13.0],[-62.76,-13.0],[-62.84,-12.95],[-62.96,-12.85],[-63.02,-12.81],[-63.04,-12.75],[-63.07,-12.67],[-63.12,-12.65],[-63.18,-12.67],[-63.25,-12.71],[-63.35,-12.68],[-63.47,-12.6],[-63.54,-12.55],[-63.59,-12.52],[-63.69,-12.48],[-63.79,-12.47],[-63.94,-12.53],[-64.06,-12.51],[-64.26,-12.48],[-64.42,-12.44],[-64.48,-12.33],[-64.51,-12.25],[-64.61,-12.2],[-64.69,-12.15],[-64.78,-12.06],[-64.83,-12.03],[-64.91,-12.01],[-64.99,-11.98],[-65.0,-11.92],[-65.03,-11.85],[-65.04,-11.83],[-65.09,-11.74],[-65.12,-11.73],[-65.14,-11.75],[-65.16,-11.77],[-65.18,-11.75],[-65.19,-11.71],[-65.18,-11.65],[-65.21,-11.58],[-65.28,-11.51],[-65.32,-11.44],[-65.32,-11.36],[-65.34,-11.31],[-65.37,-11.29],[-65.39,-11.25],[-65.39,-11.18],[-65.37,-11.11],[-65.32,-11.02],[-65.34,-10.89],[-65.4,-10.71],[-65.44,-10.59],[-65.45,-10.51],[-65.44,-10.45],[-65.4,-10.39],[-65.31,-10.25],[-65.3,-10.15],[-65.32,-10.03],[-65.33,-9.94],[-65.31,-9.87],[-65.34,-9.79],[-65.4,-9.71],[-65.44,-9.71],[-65.49,-9.73],[-65.56,-9.8],[-65.64,-9.81],[-65.71,-9.77],[-65.93,-9.79],[-66.26,-9.83],[-66.4,-9.87],[-66.48,-9.89],[-66.57,-9.9],[-66.73,-9.98],[-67.11,-10.27],[-67.19,-10.31],[-67.28,-10.32],[-67.33,-10.36],[-67.42,-10.39],[-67.58,-10.51],[-67.67,-10.6],[-67.72,-10.68],[-67.79,-10.69],[-67.83,-10.66],[-67.99,-10.67],[-68.07,-10.7],[-68.16,-10.79],[-68.27,-10.93],[-68.31,-10.97],[-68.4,-11.02],[-68.5,-11.05],[-68.62,-11.11],[-68.68,-11.11],[-68.73,-11.12],[-68.77,-11.1],[-68.78,-11.04],[-68.85,-11.01],[-69.0,-10.99],[-69.23,-10.96],[-69.46,-10.95],[-69.58,-10.95],[-69.67,-10.95],[-69.84,-10.93],[-69.96,-10.93],[-70.07,-10.98],[-70.22,-11.05],[-70.29,-11.06],[-70.34,-11.07],[-70.39,-11.06],[-70.45,-11.02],[-70.53,-10.95],[-70.59,-10.98],[-70.64,-11.01],[-70.64,-10.84],[-70.64,-10.59],[-70.64,-10.36],[-70.64,-10.18],[-70.64,-9.97],[-70.64,-9.82],[-70.59,-9.77],[-70.57,-9.71],[-70.6,-9.62],[-70.59,-9.54],[-70.57,-9.49],[-70.54,-9.44],[-70.61,-9.46],[-70.64,-9.48],[-70.67,-9.52],[-70.76,-9.57],[-70.81,-9.63],[-70.88,-9.67],[-70.97,-9.77],[-71.04,-9.82],[-71.12,-9.85],[-71.24,-9.97],[-71.34,-9.99],[-71.61,-10.01],[-71.89,-10.01],[-72.14,-10.01],[-72.18,-10.0],[-72.18,-9.91],[-72.17,-9.84],[-72.26,-9.77],[-72.27,-9.69],[-72.29,-9.63],[-72.32,-9.56],[-72.38,-9.51],[-72.46,-9.49],[-72.6,-9.45],[-72.81,-9.41],[-73.01,-9.41],[-73.21,-9.41],[-73.09,-9.27],[-72.97,-9.12],[-72.97,-8.99],[-73.07,-8.88],[-73.12,-8.81],[-73.2,-8.72],[-73.3,-8.65],[-73.36,-8.57],[-73.35,-8.51],[-73.36,-8.48],[-73.4,-8.46],[-73.44,-8.43],[-73.49,-8.39],[-73.55,-8.35],[-73.55,-8.3],[-73.57,-8.25],[-73.61,-8.19],[-73.61,-8.14],[-73.64,-8.07],[-73.68,-8.02],[-73.72,-7.98],[-73.78,-7.94],[-73.77,-7.9],[-73.73,-7.88],[-73.72,-7.83],[-73.72,-7.78],[-73.77,-7.75],[-73.82,-7.74],[-73.9,-7.66],[-73.95,-7.61],[-73.98,-7.59],[-74.0,-7.56],[-73.98,-7.54],[-73.96,-7.51],[-73.95,-7.46],[-73.96,-7.42],[-73.96,-7.38],[-73.93,-7.37],[-73.89,-7.37],[-73.85,-7.35],[-73.81,-7.34],[-73.75,-7.34],[-73.72,-7.31],[-73.72,-7.26],[-73.76,-7.17],[-73.79,-7.13],[-73.81,-7.08],[-73.78,-6.97],[-73.76,-6.91],[-73.69,-6.83],[-73.5,-6.68],[-73.32,-6.58],[-73.24,-6.56],[-73.18,-6.53],[-73.14,-6.47],[-73.13,-6.4],[-73.14,-6.34],[-73.17,-6.26],[-73.2,-6.16],[-73.24,-6.1],[-73.21,-6.03],[-73.16,-5.93],[-73.07,-5.79],[-72.98,-5.63],[-72.97,-5.59],[-72.96,-5.5],[-72.92,-5.3],[-72.9,-5.2],[-72.91,-5.16],[-72.89,-5.12],[-72.83,-5.09],[-72.7,-5.07],[-72.61,-5.01],[-72.47,-4.9],[-72.35,-4.79],[-72.26,-4.75],[-72.08,-4.64],[-71.98,-4.57],[-71.94,-4.55],[-71.84,-4.5],[-71.67,-4.49],[-71.52,-4.47],[-71.44,-4.44],[-71.32,-4.42],[-71.24,-4.39],[-71.15,-4.39],[-70.97,-4.35],[-70.92,-4.3],[-70.86,-4.23],[-70.8,-4.17],[-70.72,-4.16],[-70.63,-4.17],[-70.53,-4.17],[-70.4,-4.15],[-70.34,-4.19],[-70.32,-4.25],[-70.24,-4.3],[-70.18,-4.3],[-70.13,-4.29],[-70.05,-4.33],[-70.0,-4.33],[-69.97,-4.3],[-69.96,-4.24],[-69.95,-4.2],[-69.91,-4.0],[-69.85,-3.66],[-69.8,-3.36],[-69.73,-3.02],[-69.67,-2.67],[-69.6,-2.31],[-69.55,-2.02],[-69.51,-1.78],[-69.48,-1.62],[-69.44,-1.42],[-69.42,-1.25],[-69.4,-1.2],[-69.41,-1.15],[-69.45,-1.09],[-69.45,-1.07],[-69.44,-1.03],[-69.45,-1.0],[-69.49,-0.97],[-69.52,-0.95],[-69.54,-0.92],[-69.55,-0.88],[-69.58,-0.84],[-69.58,-0.8],[-69.61,-0.76],[-69.62,-0.72],[-69.6,-0.68],[-69.59,-0.64],[-69.6,-0.6],[-69.61,-0.55],[-69.63,-0.51],[-69.67,-0.48],[-69.75,-0.45],[-69.83,-0.38],[-69.92,-0.32],[-70.04,-0.2],[-70.07,-0.14],[-70.07,0.02],[-70.07,0.19],[-70.06,0.45],[-70.05,0.58],[-69.99,0.59],[-69.93,0.59],[-69.86,0.6],[-69.81,0.61],[-69.76,0.63],[-69.72,0.65],[-69.67,0.67],[-69.64,0.66],[-69.6,0.68],[-69.57,0.7],[-69.53,0.72],[-69.47,0.73],[-69.42,0.7],[-69.39,0.67],[-69.36,0.65],[-69.33,0.66],[-69.31,0.65],[-69.28,0.63],[-69.26,0.63],[-69.21,0.63],[-69.17,0.64],[-69.15,0.64],[-69.15,0.66],[-69.16,0.69],[-69.18,0.71],[-69.17,0.75],[-69.17,0.8],[-69.16,0.86],[-69.19,0.9],[-69.22,0.96],[-69.26,1.02],[-69.31,1.05],[-69.36,1.06],[-69.4,1.04],[-69.44,1.04],[-69.47,1.06],[-69.52,1.06],[-69.57,1.07],[-69.62,1.07],[-69.72,1.06],[-69.75,1.08],[-69.8,1.08],[-69.85,1.06],[-69.85,1.31],[-69.85,1.54],[-69.85,1.71],[-69.8,1.71],[-69.74,1.73],[-69.65,1.74],[-69.58,1.77],[-69.54,1.77],[-69.47,1.76],[-69.4,1.73],[-69.32,1.72],[-69.12,1.72],[-68.91,1.72],[-68.68,1.72],[-68.44,1.72],[-68.24,1.72],[-68.18,1.72],[-68.21,1.77],[-68.25,1.85],[-68.24,1.9],[-68.22,1.96],[-68.19,1.99],[-68.13,1.96],[-68.08,1.86],[-68.03,1.79],[-67.99,1.75],[-67.93,1.75],[-67.88,1.76],[-67.82,1.79],[-67.71,1.92],[-67.61,2.04],[-67.56,2.07],[-67.5,2.11],[-67.46,2.12],[-67.4,2.12],[-67.35,2.09],[-67.32,2.03],[-67.21,1.84],[-67.12,1.7],[-67.09,1.62],[-67.09,1.4],[-67.09,1.21],[-67.08,1.18],[-67.07,1.18],[-66.88,1.22]]],[[[-49.63,-0.23],[-49.53,-0.23],[-49.4,-0.21],[-49.32,-0.17],[-49.21,-0.16],[-49.12,-0.16],[-48.79,-0.22],[-48.59,-0.23],[-48.52,-0.25],[-48.44,-0.27],[-48.39,-0.3],[-48.38,-0.35],[-48.43,-0.44],[-48.47,-0.53],[-48.5,-0.66],[-48.52,-0.69],[-48.57,-0.69],[-48.54,-0.8],[-48.55,-0.85],[-48.57,-0.89],[-48.62,-0.99],[-48.7,-1.11],[-48.73,-1.13],[-48.79,-1.17],[-48.84,-1.23],[-48.83,-1.28],[-48.8,-1.33],[-48.83,-1.39],[-48.93,-1.48],[-48.99,-1.5],[-49.04,-1.51],[-49.09,-1.5],[-49.17,-1.41],[-49.18,-1.49],[-49.2,-1.56],[-49.23,-1.6],[-49.34,-1.59],[-49.41,-1.55],[-49.51,-1.51],[-49.52,-1.63],[-49.59,-1.71],[-49.65,-1.74],[-49.75,-1.76],[-49.8,-1.79],[-49.91,-1.76],[-50.01,-1.71],[-50.07,-1.7],[-50.11,-1.75],[-50.34,-1.76],[-50.44,-1.8],[-50.51,-1.79],[-50.6,-1.7],[-50.62,-1.64],[-50.67,-1.52],[-50.72,-1.37],[-50.76,-1.24],[-50.73,-1.13],[-50.67,-1.13],[-50.6,-1.15],[-50.58,-1.14],[-50.58,-1.1],[-50.59,-1.07],[-50.71,-1.08],[-50.78,-1.01],[-50.79,-0.91],[-50.78,-0.69],[-50.77,-0.65],[-50.72,-0.58],[-50.7,-0.53],[-50.72,-0.47],[-50.69,-0.36],[-50.65,-0.27],[-50.46,-0.16],[-50.25,-0.12],[-49.63,-0.23]]],[[[-44.13,-23.14],[-44.1,-23.17],[-44.16,-23.17],[-44.22,-23.19],[-44.32,-23.21],[-44.36,-23.17],[-44.28,-23.12],[-44.24,-23.07],[-44.22,-23.08],[-44.19,-23.11],[-44.13,-23.14]]],[[[-48.58,-26.4],[-48.6,-26.41],[-48.67,-26.29],[-48.54,-26.17],[-48.5,-26.22],[-48.53,-26.31],[-48.57,-26.38],[-48.58,-26.4]]],[[[-45.26,-23.89],[-45.26,-23.94],[-45.3,-23.91],[-45.41,-23.94],[-45.45,-23.9],[-45.3,-23.73],[-45.27,-23.75],[-45.25,-23.78],[-45.23,-23.83],[-45.25,-23.85],[-45.26,-23.89]]],[[[-44.5,-2.94],[-44.6,-3.04],[-44.57,-2.92],[-44.58,-2.85],[-44.57,-2.79],[-44.5,-2.73],[-44.48,-2.72],[-44.49,-2.79],[-44.48,-2.81],[-44.5,-2.94]]],[[[-38.75,-13.1],[-38.78,-13.12],[-38.79,-13.06],[-38.68,-12.97],[-38.67,-12.88],[-38.62,-12.92],[-38.6,-12.97],[-38.6,-12.99],[-38.75,-13.1]]],[[[-38.9,-13.47],[-38.94,-13.53],[-38.98,-13.52],[-38.99,-13.48],[-39.02,-13.45],[-39.01,-13.42],[-38.98,-13.4],[-38.91,-13.4],[-38.9,-13.47]]],[[[-44.88,-1.32],[-44.95,-1.37],[-44.97,-1.39],[-45.02,-1.37],[-45.01,-1.34],[-45.0,-1.35],[-44.98,-1.27],[-44.89,-1.28],[-44.88,-1.32]]],[[[-49.74,0.27],[-49.7,0.22],[-49.84,0.01],[-49.92,-0.02],[-50.0,-0.03],[-50.11,0.03],[-50.29,0.03],[-50.34,0.04],[-50.34,0.13],[-50.27,0.23],[-50.13,0.23],[-49.88,0.3],[-49.74,0.27]]],[[[-50.3,1.94],[-50.4,1.89],[-50.46,1.91],[-50.51,2.03],[-50.49,2.13],[-50.42,2.16],[-50.36,2.16],[-50.34,2.14],[-50.29,1.98],[-50.3,1.94]]],[[[-50.65,-0.13],[-50.93,-0.33],[-51.02,-0.26],[-51.04,-0.23],[-51.02,-0.19],[-51.03,-0.17],[-51.0,-0.11],[-50.84,-0.05],[-50.77,-0.04],[-50.67,-0.06],[-50.65,-0.11],[-50.65,-0.13]]],[[[-49.44,-0.11],[-49.71,-0.14],[-49.83,-0.09],[-49.8,-0.05],[-49.71,0.01],[-49.6,0.06],[-49.5,0.08],[-49.4,0.06],[-49.37,0.0],[-49.38,-0.05],[-49.44,-0.11]]],[[[-50.43,0.14],[-50.45,-0.01],[-50.63,0.05],[-50.61,0.21],[-50.52,0.25],[-50.45,0.33],[-50.43,0.42],[-50.42,0.56],[-50.4,0.58],[-50.37,0.59],[-50.35,0.58],[-50.34,0.38],[-50.33,0.26],[-50.43,0.14]]],[[[-50.15,0.39],[-50.26,0.36],[-50.28,0.39],[-50.28,0.52],[-50.25,0.59],[-50.11,0.6],[-50.1,0.63],[-50.06,0.64],[-50.04,0.59],[-50.04,0.52],[-50.15,0.39]]],[[[-51.83,-1.43],[-51.94,-1.45],[-51.8,-1.2],[-51.68,-1.09],[-51.68,-0.86],[-51.55,-0.65],[-51.42,-0.57],[-51.26,-0.54],[-51.16,-0.67],[-51.28,-1.02],[-51.31,-1.02],[-51.46,-1.21],[-51.64,-1.34],[-51.83,-1.43]]],[[[-48.49,-27.77],[-48.56,-27.81],[-48.54,-27.57],[-48.51,-27.5],[-48.47,-27.44],[-48.42,-27.4],[-48.38,-27.45],[-48.41,-27.57],[-48.5,-27.71],[-48.49,-27.77]]]]}},{"type":"Feature","properties":{"name":"Bolivia"},"geometry":{"type":"Polygon","coordinates":[[[-69.51,-17.51],[-69.51,-17.46],[-69.52,-17.39],[-69.57,-17.33],[-69.63,-17.3],[-69.64,-17.25],[-69.63,-17.2],[-69.5,-17.1],[-69.44,-17.09],[-69.42,-17.04],[-69.38,-17.0],[-69.27,-16.86],[-69.2,-16.77],[-69.13,-16.71],[-69.05,-16.67],[-69.02,-16.64],[-69.04,-16.54],[-69.03,-16.48],[-69.01,-16.43],[-68.93,-16.39],[-68.86,-16.35],[-68.84,-16.34],[-68.85,-16.31],[-68.91,-16.26],[-69.05,-16.22],[-69.13,-16.22],[-69.19,-16.18],[-69.22,-16.15],[-69.39,-15.74],[-69.42,-15.64],[-69.42,-15.6],[-69.3,-15.4],[-69.26,-15.33],[-69.17,-15.24],[-69.19,-15.2],[-69.33,-15.04],[-69.37,-14.96],[-69.37,-14.89],[-69.36,-14.8],[-69.28,-14.75],[-69.25,-14.67],[-69.23,-14.6],[-69.2,-14.57],[-69.16,-14.53],[-69.12,-14.47],[-69.05,-14.42],[-69.01,-14.38],[-69.0,-14.27],[-68.97,-14.23],[-68.88,-14.2],[-68.87,-14.17],[-68.89,-14.09],[-68.94,-14.01],[-68.97,-13.98],[-69.02,-13.78],[-69.08,-13.68],[-69.05,-13.64],[-69.02,-13.59],[-68.98,-13.5],[-68.97,-13.38],[-68.98,-12.96],[-68.98,-12.88],[-68.94,-12.82],[-68.87,-12.76],[-68.81,-12.73],[-68.76,-12.69],[-68.76,-12.61],[-68.73,-12.56],[-68.69,-12.5],[-68.82,-12.27],[-68.94,-12.07],[-69.05,-11.88],[-69.17,-11.65],[-69.26,-11.51],[-69.36,-11.33],[-69.45,-11.17],[-69.58,-10.95],[-69.46,-10.95],[-69.23,-10.96],[-69.0,-10.99],[-68.85,-11.01],[-68.78,-11.04],[-68.77,-11.1],[-68.73,-11.12],[-68.68,-11.11],[-68.62,-11.11],[-68.5,-11.05],[-68.4,-11.02],[-68.31,-10.97],[-68.27,-10.93],[-68.16,-10.79],[-68.07,-10.7],[-67.99,-10.67],[-67.83,-10.66],[-67.79,-10.69],[-67.72,-10.68],[-67.67,-10.6],[-67.58,-10.51],[-67.42,-10.39],[-67.33,-10.36],[-67.28,-10.32],[-67.19,-10.31],[-67.11,-10.27],[-66.73,-9.98],[-66.57,-9.9],[-66.48,-9.89],[-66.4,-9.87],[-66.26,-9.83],[-65.93,-9.79],[-65.71,-9.77],[-65.64,-9.81],[-65.56,-9.8],[-65.49,-9.73],[-65.44,-9.71],[-65.4,-9.71],[-65.34,-9.79],[-65.31,-9.87],[-65.33,-9.94],[-65.32,-10.03],[-65.3,-10.15],[-65.31,-10.25],[-65.4,-10.39],[-65.44,-10.45],[-65.45,-10.51],[-65.44,-10.59],[-65.4,-10.71],[-65.34,-10.89],[-65.32,-11.02],[-65.37,-11.11],[-65.39,-11.18],[-65.39,-11.25],[-65.37,-11.29],[-65.34,-11.31],[-65.32,-11.36],[-65.32,-11.44],[-65.28,-11.51],[-65.21,-11.58],[-65.18,-11.65],[-65.19,-11.71],[-65.18,-11.75],[-65.16,-11.77],[-65.14,-11.75],[-65.12,-11.73],[-65.09,-11.74],[-65.04,-11.83],[-65.03,-11.85],[-65.0,-11.92],[-64.99,-11.98],[-64.91,-12.01],[-64.83,-12.03],[-64.78,-12.06],[-64.69,-12.15],[-64.61,-12.2],[-64.51,-12.25],[-64.48,-12.33],[-64.42,-12.44],[-64.26,-12.48],[-64.06,-12.51],[-63.94,-12.53],[-63.79,-12.47],[-63.69,-12.48],[-63.59,-12.52],[-63.54,-12.55],[-63.47,-12.6],[-63.35,-12.68],[-63.25,-12.71],[-63.18,-12.67],[-63.12,-12.65],[-63.07,-12.67],[-63.04,-12.75],[-63.02,-12.81],[-62.96,-12.85],[-62.84,-12.95],[-62.76,-13.0],[-62.69,-13.0],[-62.53,-13.06],[-62.35,-13.13],[-62.26,-13.14],[-62.17,-13.13],[-62.12,-13.16],[-62.1,-13.24],[-61.94,-13.41],[-61.88,-13.47],[-61.79,-13.53],[-61.58,-13.52],[-61.51,-13.54],[-61.41,-13.53],[-61.13,-13.5],[-61.08,-13.49],[-60.91,-13.56],[-60.72,-13.67],[-60.59,-13.75],[-60.51,-13.79],[-60.46,-13.86],[-60.42,-13.94],[-60.4,-14.02],[-60.43,-14.1],[-60.46,-14.13],[-60.48,-14.18],[-60.46,-14.26],[-60.4,-14.33],[-60.37,-14.42],[-60.34,-14.57],[-60.3,-14.62],[-60.27,-15.09],[-60.4,-15.09],[-60.58,-15.1],[-60.53,-15.14],[-60.38,-15.32],[-60.24,-15.48],[-60.22,-15.74],[-60.21,-15.9],[-60.19,-16.13],[-60.18,-16.27],[-59.83,-16.28],[-59.43,-16.3],[-58.96,-16.31],[-58.54,-16.33],[-58.5,-16.33],[-58.42,-16.31],[-58.38,-16.28],[-58.34,-16.28],[-58.34,-16.34],[-58.35,-16.41],[-58.35,-16.49],[-58.47,-16.65],[-58.48,-16.7],[-58.46,-16.91],[-58.42,-17.08],[-58.39,-17.23],[-58.35,-17.28],[-58.21,-17.36],[-57.99,-17.51],[-57.9,-17.53],[-57.83,-17.51],[-57.79,-17.57],[-57.78,-17.67],[-57.66,-17.95],[-57.59,-18.12],[-57.55,-18.18],[-57.49,-18.22],[-57.51,-18.24],[-57.55,-18.25],[-57.57,-18.28],[-57.64,-18.48],[-57.72,-18.73],[-57.78,-18.91],[-57.73,-18.92],[-57.73,-18.97],[-57.72,-19.04],[-57.78,-19.05],[-57.8,-19.08],[-57.88,-19.23],[-57.97,-19.42],[-58.07,-19.62],[-58.13,-19.74],[-58.03,-19.83],[-57.86,-19.98],[-57.89,-20.02],[-57.96,-20.04],[-58.02,-20.06],[-58.07,-20.11],[-58.09,-20.15],[-58.16,-20.16],[-58.14,-20.0],[-58.16,-19.85],[-58.18,-19.82],[-58.47,-19.65],[-58.74,-19.49],[-59.09,-19.29],[-59.54,-19.29],[-60.01,-19.3],[-60.45,-19.39],[-60.89,-19.48],[-61.09,-19.52],[-61.51,-19.61],[-61.76,-19.65],[-61.82,-19.81],[-61.92,-20.06],[-62.01,-20.2],[-62.12,-20.35],[-62.28,-20.56],[-62.28,-20.82],[-62.28,-21.07],[-62.39,-21.41],[-62.48,-21.7],[-62.57,-21.99],[-62.63,-22.18],[-62.65,-22.23],[-62.66,-22.22],[-62.74,-22.16],[-62.82,-22.05],[-62.83,-22.0],[-62.84,-22.0],[-63.27,-22.0],[-63.68,-22.0],[-63.72,-22.03],[-63.78,-22.03],[-63.82,-22.0],[-63.86,-22.01],[-63.92,-22.03],[-63.97,-22.07],[-64.13,-22.37],[-64.21,-22.49],[-64.27,-22.6],[-64.31,-22.79],[-64.32,-22.83],[-64.37,-22.76],[-64.45,-22.58],[-64.48,-22.49],[-64.53,-22.37],[-64.6,-22.23],[-64.7,-22.19],[-64.76,-22.17],[-64.84,-22.14],[-64.99,-22.11],[-65.06,-22.1],[-65.49,-22.1],[-65.52,-22.1],[-65.68,-22.11],[-65.77,-22.1],[-65.86,-22.02],[-66.06,-21.88],[-66.1,-21.83],[-66.17,-21.81],[-66.22,-21.8],[-66.25,-21.83],[-66.28,-21.95],[-66.32,-22.05],[-66.36,-22.11],[-66.51,-22.16],[-66.64,-22.2],[-66.71,-22.22],[-66.75,-22.27],[-66.77,-22.34],[-66.8,-22.41],[-66.99,-22.51],[-67.03,-22.55],[-67.06,-22.65],[-67.16,-22.77],[-67.2,-22.82],[-67.36,-22.86],[-67.58,-22.89],[-67.71,-22.89],[-67.79,-22.88],[-67.82,-22.86],[-67.88,-22.82],[-67.89,-22.78],[-67.89,-22.73],[-67.87,-22.63],[-67.88,-22.49],[-67.95,-22.33],[-67.95,-22.28],[-67.95,-22.2],[-67.99,-22.06],[-68.08,-21.98],[-68.1,-21.86],[-68.11,-21.75],[-68.19,-21.62],[-68.2,-21.45],[-68.2,-21.3],[-68.31,-21.13],[-68.43,-20.95],[-68.53,-20.92],[-68.56,-20.9],[-68.57,-20.85],[-68.57,-20.77],[-68.56,-20.72],[-68.49,-20.64],[-68.49,-20.63],[-68.5,-20.61],[-68.69,-20.49],[-68.74,-20.46],[-68.76,-20.42],[-68.76,-20.38],[-68.71,-20.34],[-68.69,-20.31],[-68.73,-20.23],[-68.73,-20.15],[-68.76,-20.12],[-68.76,-20.09],[-68.73,-20.07],[-68.6,-20.05],[-68.56,-19.97],[-68.56,-19.9],[-68.58,-19.86],[-68.7,-19.74],[-68.7,-19.72],[-68.58,-19.56],[-68.49,-19.45],[-68.46,-19.43],[-68.47,-19.41],[-68.49,-19.38],[-68.55,-19.34],[-68.62,-19.3],[-68.68,-19.24],[-68.76,-19.16],[-68.86,-19.09],[-68.93,-19.03],[-68.97,-18.97],[-68.97,-18.91],[-68.98,-18.81],[-69.03,-18.66],[-69.04,-18.55],[-69.06,-18.43],[-69.08,-18.36],[-69.09,-18.28],[-69.13,-18.2],[-69.14,-18.14],[-69.12,-18.1],[-69.09,-18.07],[-69.09,-18.05],[-69.28,-17.97],[-69.31,-17.94],[-69.36,-17.77],[-69.49,-17.62],[-69.51,-17.51]]]}},{"type":"Feature","properties":{"name":"Belize"},"geometry":{"type":"MultiPolygon","coordinates":[[[[-89.16,17.82],[-89.16,17.9],[-89.14,17.97],[-89.05,18.0],[-88.94,17.94],[-88.9,17.91],[-88.86,17.93],[-88.81,17.96],[-88.74,18.07],[-88.59,18.29],[-88.52,18.45],[-88.46,18.48],[-88.37,18.48],[-88.3,18.47],[-88.35,18.36],[-88.3,18.34],[-88.25,18.36],[-88.13,18.35],[-88.08,18.23],[-88.1,18.12],[-88.21,17.85],[-88.22,17.75],[-88.27,17.61],[-88.2,17.52],[-88.27,17.39],[-88.29,17.31],[-88.29,17.19],[-88.26,16.96],[-88.31,16.63],[-88.4,16.49],[-88.46,16.43],[-88.56,16.29],[-88.7,16.25],[-88.88,16.02],[-88.91,15.96],[-88.89,15.89],[-88.94,15.89],[-89.11,15.9],[-89.23,15.89],[-89.24,15.89],[-89.23,16.14],[-89.21,16.53],[-89.2,16.81],[-89.19,17.08],[-89.18,17.29],[-89.17,17.57],[-89.16,17.82]]],[[[-87.95,17.92],[-88.0,17.91],[-87.96,17.96],[-87.95,18.0],[-87.9,18.16],[-87.86,18.15],[-87.85,18.14],[-87.95,17.92]]],[[[-87.85,17.42],[-87.93,17.28],[-87.94,17.32],[-87.9,17.43],[-87.86,17.46],[-87.83,17.5],[-87.82,17.55],[-87.79,17.52],[-87.8,17.48],[-87.85,17.42]]]]}},{"type":"Feature","properties":{"name":"Barbados"},"geometry":{"type":"Polygon","coordinates":[[[-59.49,13.08],[-59.52,13.06],[-59.61,13.1],[-59.64,13.15],[-59.65,13.3],[-59.59,13.32],[-59.49,13.2],[-59.43,13.15],[-59.49,13.08]]]}},{"type":"Feature","properties":{"name":"Bahamas"},"geometry":{"type":"MultiPolygon","coordinates":[[[[-77.66,24.25],[-77.65,24.23],[-77.76,24.16],[-77.68,24.12],[-77.61,24.22],[-77.56,24.14],[-77.53,23.99],[-77.54,23.96],[-77.53,23.94],[-77.52,23.91],[-77.52,23.87],[-77.58,23.74],[-77.77,23.75],[-77.78,23.86],[-77.81,23.88],[-77.85,24.04],[-77.91,24.09],[-78.0,24.22],[-77.95,24.25],[-77.88,24.24],[-77.85,24.26],[-77.76,24.27],[-77.7,24.29],[-77.66,24.25]]],[[[-77.23,25.9],[-77.25,25.89],[-77.33,26.0],[-77.4,26.03],[-77.29,26.1],[-77.25,26.16],[-77.25,26.29],[-77.22,26.36],[-77.23,26.42],[-77.2,26.49],[-77.24,26.56],[-77.33,26.62],[-77.51,26.85],[-77.79,26.9],[-77.94,26.9],[-77.86,26.94],[-77.79,26.94],[-77.67,26.91],[-77.53,26.9],[-77.45,26.84],[-77.37,26.75],[-77.29,26.71],[-77.27,26.69],[-77.27,26.66],[-77.26,26.64],[-77.16,26.6],[-77.07,26.53],[-77.04,26.33],[-77.17,26.24],[-77.19,25.96],[-77.23,25.9]]],[[[-73.03,21.19],[-73.06,21.12],[-73.17,20.98],[-73.4,20.94],[-73.66,20.94],[-73.68,20.98],[-73.69,21.01],[-73.67,21.06],[-73.67,21.08],[-73.68,21.1],[-73.59,21.13],[-73.52,21.19],[-73.42,21.2],[-73.3,21.16],[-73.23,21.15],[-73.14,21.2],[-73.06,21.31],[-73.01,21.3],[-73.03,21.19]]],[[[-77.74,24.71],[-77.74,24.59],[-77.73,24.5],[-77.74,24.46],[-77.85,24.4],[-77.88,24.37],[-77.98,24.33],[-78.04,24.29],[-78.08,24.37],[-78.14,24.41],[-78.14,24.49],[-78.19,24.47],[-78.26,24.48],[-78.37,24.54],[-78.44,24.63],[-78.34,24.64],[-78.32,24.59],[-78.24,24.65],[-78.26,24.69],[-78.27,24.69],[-78.3,24.75],[-78.18,24.92],[-78.16,25.02],[-78.21,25.19],[-78.16,25.2],[-78.03,25.14],[-77.97,25.08],[-77.97,25.0],[-77.92,24.94],[-77.84,24.79],[-77.74,24.71]]],[[[-78.49,26.73],[-78.37,26.7],[-78.31,26.7],[-78.27,26.72],[-78.09,26.71],[-77.94,26.74],[-77.92,26.69],[-77.92,26.66],[-78.23,26.64],[-78.51,26.56],[-78.67,26.51],[-78.75,26.5],[-78.8,26.53],[-78.99,26.69],[-78.94,26.67],[-78.8,26.58],[-78.71,26.6],[-78.63,26.66],[-78.62,26.7],[-78.63,26.73],[-78.6,26.8],[-78.49,26.73]]],[[[-77.35,25.01],[-77.46,24.99],[-77.54,25.01],[-77.56,25.03],[-77.53,25.06],[-77.45,25.08],[-77.33,25.08],[-77.28,25.06],[-77.27,25.04],[-77.35,25.01]]],[[[-74.06,22.72],[-74.04,22.71],[-74.1,22.67],[-74.24,22.71],[-74.27,22.71],[-74.3,22.76],[-74.31,22.8],[-74.31,22.84],[-74.22,22.81],[-74.18,22.76],[-74.06,22.72]]],[[[-74.43,24.07],[-74.51,23.96],[-74.55,23.97],[-74.53,24.11],[-74.47,24.13],[-74.45,24.13],[-74.43,24.07]]],[[[-74.21,22.21],[-74.28,22.18],[-74.26,22.24],[-74.13,22.32],[-74.05,22.4],[-74.01,22.43],[-73.99,22.45],[-73.94,22.48],[-73.91,22.53],[-73.91,22.57],[-73.98,22.63],[-73.98,22.68],[-73.95,22.72],[-73.85,22.73],[-73.88,22.68],[-73.83,22.54],[-73.98,22.36],[-74.09,22.31],[-74.21,22.21]]],[[[-76.65,25.49],[-76.48,25.37],[-76.34,25.33],[-76.19,25.19],[-76.13,25.14],[-76.11,25.09],[-76.14,24.89],[-76.17,24.76],[-76.17,24.65],[-76.2,24.68],[-76.24,24.75],[-76.3,24.8],[-76.32,24.82],[-76.21,24.82],[-76.2,24.94],[-76.15,25.03],[-76.16,25.12],[-76.28,25.22],[-76.37,25.31],[-76.5,25.34],[-76.62,25.43],[-76.69,25.44],[-76.78,25.43],[-76.75,25.48],[-76.73,25.55],[-76.71,25.57],[-76.65,25.49]]],[[[-75.66,23.45],[-75.71,23.44],[-75.78,23.47],[-75.96,23.59],[-76.04,23.6],[-76.01,23.67],[-75.95,23.65],[-75.81,23.54],[-75.75,23.49],[-75.66,23.45]]],[[[-74.84,22.9],[-74.85,22.87],[-74.97,23.07],[-75.13,23.12],[-75.22,23.17],[-75.2,23.19],[-75.14,23.2],[-75.13,23.27],[-75.16,23.34],[-75.24,23.47],[-75.29,23.57],[-75.31,23.59],[-75.31,23.67],[-75.22,23.55],[-75.17,23.44],[-75.11,23.33],[-75.06,23.15],[-74.94,23.09],[-74.85,23.0],[-74.84,22.9]]],[[[-75.31,24.2],[-75.3,24.15],[-75.37,24.16],[-75.47,24.14],[-75.5,24.14],[-75.48,24.17],[-75.41,24.22],[-75.41,24.27],[-75.49,24.33],[-75.59,24.49],[-75.64,24.53],[-75.66,24.59],[-75.74,24.66],[-75.72,24.69],[-75.71,24.7],[-75.65,24.68],[-75.53,24.45],[-75.52,24.43],[-75.31,24.2]]],[[[-73.04,22.43],[-72.98,22.41],[-72.95,22.42],[-72.83,22.39],[-72.76,22.34],[-72.75,22.33],[-72.78,22.29],[-72.89,22.36],[-72.98,22.37],[-73.11,22.37],[-73.16,22.38],[-73.13,22.46],[-73.04,22.43]]],[[[-72.92,21.51],[-73.05,21.46],[-73.06,21.51],[-73.0,21.56],[-72.92,21.51]]]]}},{"type":"Feature","properties":{"name":"Argentina"},"geometry":{"type":"MultiPolygon","coordinates":[[[[-57.61,-30.19],[-57.65,-30.23],[-57.65,-30.29],[-57.71,-30.38],[-57.83,-30.5],[-57.87,-30.59],[-57.82,-30.71],[-57.81,-30.86],[-57.83,-30.92],[-57.89,-30.94],[-57.9,-30.97],[-57.87,-31.03],[-57.87,-31.11],[-57.89,-31.2],[-57.95,-31.3],[-58.03,-31.42],[-58.05,-31.5],[-58.01,-31.53],[-57.99,-31.58],[-57.99,-31.62],[-58.01,-31.68],[-58.04,-31.77],[-58.1,-31.83],[-58.17,-31.87],[-58.19,-31.92],[-58.16,-31.99],[-58.16,-32.05],[-58.18,-32.12],[-58.16,-32.18],[-58.12,-32.25],[-58.12,-32.32],[-58.2,-32.47],[-58.22,-32.56],[-58.17,-32.96],[-58.2,-33.01],[-58.25,-33.08],[-58.31,-33.08],[-58.38,-33.07],[-58.42,-33.11],[-58.46,-33.29],[-58.55,-33.66],[-58.53,-33.75],[-58.46,-33.9],[-58.43,-33.99],[-58.41,-34.06],[-58.39,-34.19],[-58.43,-34.25],[-58.47,-34.26],[-58.52,-34.3],[-58.47,-34.46],[-58.42,-34.53],[-58.28,-34.68],[-57.76,-34.89],[-57.55,-35.02],[-57.3,-35.19],[-57.17,-35.36],[-57.16,-35.51],[-57.35,-35.72],[-57.38,-35.9],[-57.34,-36.03],[-57.26,-36.14],[-57.08,-36.3],[-56.94,-36.35],[-56.75,-36.35],[-56.72,-36.39],[-56.7,-36.43],[-56.67,-36.73],[-56.67,-36.85],[-56.73,-36.96],[-57.09,-37.45],[-57.4,-37.75],[-57.51,-37.91],[-57.55,-38.09],[-57.65,-38.17],[-58.18,-38.44],[-59.01,-38.67],[-59.68,-38.8],[-59.83,-38.84],[-60.9,-38.97],[-61.11,-38.99],[-61.38,-38.98],[-61.6,-39.0],[-61.85,-38.96],[-62.07,-38.92],[-62.19,-38.81],[-62.34,-38.8],[-62.38,-38.85],[-62.3,-38.99],[-62.34,-39.15],[-62.3,-39.24],[-62.21,-39.26],[-62.13,-39.31],[-62.05,-39.37],[-62.18,-39.38],[-62.13,-39.43],[-62.08,-39.46],[-62.08,-39.57],[-62.13,-39.83],[-62.25,-39.88],[-62.29,-39.89],[-62.33,-39.95],[-62.4,-40.2],[-62.43,-40.36],[-62.39,-40.46],[-62.25,-40.67],[-62.3,-40.81],[-62.39,-40.89],[-62.8,-41.05],[-62.96,-41.11],[-63.21,-41.15],[-63.62,-41.16],[-63.77,-41.15],[-64.12,-41.01],[-64.38,-40.92],[-64.62,-40.85],[-64.85,-40.81],[-64.82,-40.79],[-64.81,-40.76],[-64.87,-40.74],[-64.92,-40.73],[-65.07,-40.81],[-65.13,-40.88],[-65.15,-40.95],[-65.16,-41.11],[-65.13,-41.24],[-65.02,-41.57],[-65.01,-41.75],[-65.06,-41.97],[-64.99,-42.1],[-64.9,-42.16],[-64.7,-42.22],[-64.62,-42.26],[-64.54,-42.26],[-64.51,-42.27],[-64.53,-42.3],[-64.58,-42.36],[-64.57,-42.42],[-64.42,-42.43],[-64.27,-42.42],[-64.1,-42.39],[-64.06,-42.35],[-64.06,-42.27],[-64.25,-42.25],[-64.23,-42.22],[-64.08,-42.18],[-63.89,-42.13],[-63.79,-42.11],[-63.73,-42.15],[-63.69,-42.19],[-63.63,-42.28],[-63.6,-42.41],[-63.59,-42.56],[-63.62,-42.7],[-63.64,-42.74],[-63.69,-42.81],[-64.04,-42.88],[-64.13,-42.86],[-64.22,-42.76],[-64.25,-42.65],[-64.32,-42.57],[-64.49,-42.51],[-64.65,-42.53],[-64.81,-42.63],[-64.97,-42.67],[-65.03,-42.76],[-64.63,-42.91],[-64.44,-42.95],[-64.38,-42.95],[-64.32,-42.97],[-64.37,-43.02],[-64.43,-43.06],[-64.72,-43.14],[-64.84,-43.19],[-64.99,-43.29],[-65.19,-43.52],[-65.25,-43.57],[-65.28,-43.63],[-65.31,-43.79],[-65.24,-44.05],[-65.31,-44.16],[-65.27,-44.28],[-65.29,-44.36],[-65.36,-44.48],[-65.65,-44.66],[-65.7,-44.8],[-65.6,-44.88],[-65.61,-44.94],[-65.64,-45.01],[-65.76,-45.01],[-66.19,-44.97],[-66.35,-45.03],[-66.49,-45.12],[-66.53,-45.16],[-66.58,-45.18],[-66.88,-45.23],[-66.94,-45.26],[-67.26,-45.58],[-67.39,-45.78],[-67.56,-45.97],[-67.6,-46.05],[-67.61,-46.17],[-67.59,-46.27],[-67.56,-46.35],[-67.51,-46.44],[-67.39,-46.55],[-66.78,-47.01],[-66.65,-47.05],[-66.0,-47.09],[-65.85,-47.16],[-65.77,-47.26],[-65.74,-47.35],[-65.77,-47.57],[-65.81,-47.64],[-65.89,-47.7],[-66.04,-47.78],[-66.22,-47.83],[-66.17,-47.86],[-66.1,-47.85],[-65.93,-47.83],[-65.86,-47.85],[-65.81,-47.94],[-65.91,-47.98],[-65.94,-48.02],[-66.02,-48.08],[-66.39,-48.34],[-66.6,-48.42],[-66.78,-48.52],[-67.03,-48.63],[-67.13,-48.69],[-67.26,-48.81],[-67.47,-48.95],[-67.69,-49.25],[-67.69,-49.3],[-67.66,-49.34],[-67.78,-49.86],[-67.83,-49.92],[-67.91,-49.98],[-68.15,-50.09],[-68.26,-50.1],[-68.41,-50.04],[-68.49,-49.98],[-68.57,-49.87],[-68.67,-49.75],[-68.67,-49.79],[-68.64,-49.86],[-68.66,-49.94],[-68.91,-49.97],[-68.98,-50.0],[-68.75,-49.99],[-68.6,-50.01],[-68.53,-50.04],[-68.47,-50.09],[-68.42,-50.16],[-68.46,-50.19],[-68.59,-50.23],[-68.75,-50.28],[-68.94,-50.38],[-69.04,-50.5],[-69.09,-50.58],[-69.14,-50.75],[-69.15,-50.86],[-69.23,-50.95],[-69.36,-51.03],[-69.35,-51.05],[-69.27,-51.01],[-69.2,-50.99],[-69.14,-51.1],[-69.06,-51.3],[-69.03,-51.45],[-69.04,-51.49],[-69.06,-51.55],[-69.22,-51.56],[-69.36,-51.56],[-69.46,-51.58],[-69.41,-51.61],[-69.31,-51.6],[-69.18,-51.66],[-69.03,-51.64],[-68.96,-51.68],[-68.92,-51.71],[-68.69,-52.01],[-68.49,-52.2],[-68.4,-52.31],[-68.44,-52.36],[-68.46,-52.29],[-68.59,-52.27],[-68.72,-52.25],[-68.92,-52.21],[-69.21,-52.14],[-69.49,-52.14],[-69.71,-52.08],[-69.96,-52.01],[-70.48,-52.0],[-70.94,-52.0],[-71.42,-51.99],[-71.72,-51.99],[-71.92,-51.99],[-71.97,-51.96],[-71.95,-51.88],[-72.03,-51.82],[-72.14,-51.74],[-72.27,-51.69],[-72.33,-51.62],[-72.41,-51.54],[-72.37,-51.47],[-72.3,-51.3],[-72.3,-51.22],[-72.36,-51.17],[-72.38,-51.1],[-72.36,-51.06],[-72.31,-51.03],[-72.28,-50.91],[-72.3,-50.79],[-72.34,-50.68],[-72.39,-50.64],[-72.46,-50.61],[-72.51,-50.61],[-72.62,-50.65],[-72.81,-50.64],[-72.87,-50.65],[-72.96,-50.7],[-73.08,-50.76],[-73.15,-50.74],[-73.18,-50.67],[-73.22,-50.61],[-73.25,-50.56],[-73.27,-50.47],[-73.31,-50.36],[-73.38,-50.23],[-73.5,-50.12],[-73.51,-50.03],[-73.53,-49.91],[-73.47,-49.79],[-73.5,-49.7],[-73.58,-49.58],[-73.55,-49.46],[-73.48,-49.4],[-73.46,-49.31],[-73.14,-49.3],[-73.15,-49.19],[-73.09,-49.1],[-73.03,-49.01],[-72.98,-48.98],[-72.87,-48.94],[-72.73,-48.9],[-72.65,-48.84],[-72.61,-48.79],[-72.59,-48.73],[-72.59,-48.66],[-72.61,-48.52],[-72.58,-48.48],[-72.5,-48.42],[-72.36,-48.37],[-72.29,-48.23],[-72.33,-48.11],[-72.41,-48.02],[-72.51,-47.97],[-72.52,-47.88],[-72.47,-47.78],[-72.41,-47.69],[-72.34,-47.57],[-72.34,-47.49],[-72.28,-47.45],[-72.1,-47.34],[-72.04,-47.24],[-71.98,-47.21],[-71.91,-47.2],[-71.9,-47.14],[-71.96,-47.09],[-71.96,-47.02],[-71.96,-46.94],[-71.94,-46.83],[-71.85,-46.79],[-71.73,-46.71],[-71.7,-46.65],[-71.7,-46.58],[-71.73,-46.43],[-71.76,-46.32],[-71.78,-46.28],[-71.83,-46.21],[-71.88,-46.16],[-71.81,-46.1],[-71.69,-46.04],[-71.63,-45.95],[-71.68,-45.88],[-71.75,-45.84],[-71.77,-45.72],[-71.75,-45.58],[-71.69,-45.53],[-71.51,-45.51],[-71.49,-45.44],[-71.35,-45.33],[-71.35,-45.23],[-71.44,-45.17],[-71.53,-45.07],[-71.6,-44.98],[-71.81,-44.93],[-72.04,-44.9],[-72.07,-44.82],[-72.06,-44.77],[-71.96,-44.79],[-71.78,-44.77],[-71.65,-44.77],[-71.56,-44.76],[-71.46,-44.75],[-71.36,-44.78],[-71.26,-44.76],[-71.22,-44.63],[-71.16,-44.56],[-71.15,-44.49],[-71.21,-44.44],[-71.33,-44.43],[-71.82,-44.38],[-71.83,-44.33],[-71.83,-44.24],[-71.81,-44.15],[-71.81,-44.11],[-71.77,-44.07],[-71.71,-43.98],[-71.68,-43.93],[-71.71,-43.86],[-71.79,-43.75],[-71.74,-43.7],[-71.73,-43.65],[-71.75,-43.59],[-71.83,-43.53],[-71.91,-43.44],[-71.91,-43.35],[-71.82,-43.32],[-71.76,-43.3],[-71.75,-43.24],[-71.78,-43.17],[-71.9,-43.15],[-72.05,-43.1],[-72.1,-43.07],[-72.15,-42.99],[-72.11,-42.78],[-72.13,-42.65],[-72.14,-42.58],[-72.11,-42.52],[-72.05,-42.47],[-72.08,-42.36],[-72.12,-42.3],[-72.11,-42.25],[-72.06,-42.21],[-72.03,-42.15],[-71.99,-42.13],[-71.94,-42.17],[-71.86,-42.15],[-71.76,-42.1],[-71.75,-42.05],[-71.77,-41.97],[-71.84,-41.77],[-71.91,-41.65],[-71.9,-41.61],[-71.87,-41.56],[-71.89,-41.39],[-71.89,-41.29],[-71.88,-41.0],[-71.87,-40.89],[-71.94,-40.79],[-71.93,-40.69],[-71.88,-40.62],[-71.84,-40.52],[-71.8,-40.44],[-71.77,-40.4],[-71.71,-40.38],[-71.7,-40.34],[-71.72,-40.3],[-71.8,-40.25],[-71.82,-40.18],[-71.8,-40.13],[-71.76,-40.09],[-71.7,-40.09],[-71.66,-40.02],[-71.65,-39.93],[-71.64,-39.89],[-71.67,-39.83],[-71.7,-39.71],[-71.72,-39.64],[-71.69,-39.6],[-71.65,-39.59],[-71.59,-39.61],[-71.54,-39.6],[-71.53,-39.56],[-71.53,-39.52],[-71.51,-39.5],[-71.47,-39.4],[-71.42,-39.29],[-71.41,-39.21],[-71.43,-38.98],[-71.4,-38.93],[-71.35,-38.89],[-71.29,-38.85],[-71.2,-38.81],[-71.09,-38.76],[-70.95,-38.74],[-70.9,-38.68],[-70.86,-38.6],[-70.85,-38.54],[-70.9,-38.5],[-70.97,-38.45],[-71.0,-38.31],[-71.02,-38.19],[-71.03,-38.04],[-71.1,-37.91],[-71.17,-37.76],[-71.19,-37.63],[-71.16,-37.56],[-71.13,-37.44],[-71.16,-37.39],[-71.2,-37.3],[-71.16,-37.23],[-71.12,-37.12],[-71.12,-37.06],[-71.16,-36.92],[-71.19,-36.84],[-71.16,-36.76],[-71.11,-36.68],[-71.07,-36.64],[-71.07,-36.58],[-71.06,-36.52],[-70.98,-36.49],[-70.9,-36.42],[-70.85,-36.41],[-70.79,-36.41],[-70.75,-36.39],[-70.73,-36.34],[-70.72,-36.28],[-70.62,-36.21],[-70.56,-36.15],[-70.46,-36.13],[-70.4,-36.06],[-70.4,-35.97],[-70.41,-35.88],[-70.38,-35.77],[-70.42,-35.61],[-70.41,-35.52],[-70.46,-35.45],[-70.45,-35.38],[-70.47,-35.33],[-70.53,-35.31],[-70.56,-35.25],[-70.53,-35.22],[-70.47,-35.19],[-70.39,-35.15],[-70.34,-34.92],[-70.31,-34.85],[-70.29,-34.77],[-70.29,-34.73],[-70.25,-34.67],[-70.21,-34.58],[-70.14,-34.49],[-70.1,-34.43],[-70.06,-34.35],[-70.05,-34.3],[-70.0,-34.28],[-69.95,-34.27],[-69.88,-34.25],[-69.85,-34.22],[-69.86,-34.18],[-69.86,-34.08],[-69.88,-33.93],[-69.89,-33.73],[-69.88,-33.6],[-69.84,-33.47],[-69.8,-33.4],[-69.81,-33.34],[-69.82,-33.28],[-69.9,-33.25],[-69.97,-33.28],[-70.02,-33.27],[-70.08,-33.2],[-70.11,-33.13],[-70.09,-33.03],[-70.04,-32.96],[-70.02,-32.88],[-70.05,-32.86],[-70.12,-32.81],[-70.18,-32.63],[-70.17,-32.47],[-70.23,-32.43],[-70.26,-32.31],[-70.32,-32.27],[-70.34,-32.18],[-70.36,-32.08],[-70.36,-32.04],[-70.29,-32.03],[-70.25,-31.96],[-70.28,-31.92],[-70.33,-31.88],[-70.39,-31.88],[-70.45,-31.84],[-70.53,-31.67],[-70.58,-31.57],[-70.57,-31.43],[-70.56,-31.32],[-70.53,-31.22],[-70.52,-31.15],[-70.47,-31.11],[-70.43,-31.13],[-70.39,-31.12],[-70.35,-31.06],[-70.31,-31.02],[-70.31,-30.99],[-70.34,-30.96],[-70.35,-30.9],[-70.32,-30.83],[-70.27,-30.68],[-70.2,-30.5],[-70.16,-30.44],[-70.17,-30.39],[-70.15,-30.36],[-70.1,-30.39],[-69.96,-30.36],[-69.91,-30.28],[-69.89,-30.21],[-69.84,-30.17],[-69.86,-30.12],[-69.93,-30.1],[-69.96,-30.08],[-69.95,-30.02],[-69.93,-29.87],[-69.93,-29.77],[-69.98,-29.55],[-70.03,-29.32],[-70.0,-29.25],[-69.9,-29.15],[-69.83,-29.1],[-69.81,-29.05],[-69.74,-28.78],[-69.73,-28.64],[-69.69,-28.56],[-69.66,-28.41],[-69.53,-28.29],[-69.49,-28.2],[-69.44,-28.19],[-69.41,-28.17],[-69.34,-28.07],[-69.25,-27.97],[-69.17,-27.92],[-69.15,-27.85],[-69.12,-27.74],[-69.04,-27.57],[-69.0,-27.45],[-68.94,-27.41],[-68.87,-27.25],[-68.85,-27.15],[-68.77,-27.12],[-68.71,-27.11],[-68.65,-27.15],[-68.59,-27.14],[-68.54,-27.08],[-68.41,-27.05],[-68.34,-27.03],[-68.32,-26.97],[-68.32,-26.88],[-68.37,-26.81],[-68.49,-26.67],[-68.58,-26.52],[-68.59,-26.47],[-68.59,-26.42],[-68.58,-26.35],[-68.53,-26.28],[-68.41,-26.15],[-68.43,-26.07],[-68.51,-25.74],[-68.54,-25.65],[-68.6,-25.49],[-68.59,-25.42],[-68.54,-25.24],[-68.5,-25.16],[-68.43,-25.15],[-68.4,-25.12],[-68.38,-25.09],[-68.43,-25.05],[-68.45,-25.0],[-68.47,-24.92],[-68.53,-24.9],[-68.56,-24.84],[-68.56,-24.75],[-68.51,-24.63],[-68.45,-24.6],[-68.42,-24.54],[-68.36,-24.5],[-68.3,-24.46],[-68.25,-24.39],[-68.05,-24.31],[-67.89,-24.24],[-67.57,-24.12],[-67.35,-24.03],[-67.34,-23.98],[-67.32,-23.94],[-67.22,-23.63],[-67.09,-23.24],[-67.01,-23.0],[-67.2,-22.82],[-67.16,-22.77],[-67.06,-22.65],[-67.03,-22.55],[-66.99,-22.51],[-66.8,-22.41],[-66.77,-22.34],[-66.75,-22.27],[-66.71,-22.22],[-66.64,-22.2],[-66.51,-22.16],[-66.36,-22.11],[-66.32,-22.05],[-66.28,-21.95],[-66.25,-21.83],[-66.22,-21.8],[-66.17,-21.81],[-66.1,-21.83],[-66.06,-21.88],[-65.86,-22.02],[-65.77,-22.1],[-65.68,-22.11],[-65.52,-22.1],[-65.49,-22.1],[-65.06,-22.1],[-64.99,-22.11],[-64.84,-22.14],[-64.76,-22.17],[-64.7,-22.19],[-64.6,-22.23],[-64.53,-22.37],[-64.48,-22.49],[-64.45,-22.58],[-64.37,-22.76],[-64.32,-22.83],[-64.31,-22.79],[-64.27,-22.6],[-64.21,-22.49],[-64.13,-22.37],[-63.97,-22.07],[-63.92,-22.03],[-63.86,-22.01],[-63.82,-22.0],[-63.78,-22.03],[-63.72,-22.03],[-63.68,-22.0],[-63.27,-22.0],[-62.84,-22.0],[-62.83,-22.0],[-62.82,-22.05],[-62.74,-22.16],[-62.66,-22.22],[-62.65,-22.23],[-62.62,-22.26],[-62.62,-22.29],[-62.54,-22.35],[-62.37,-22.44],[-62.21,-22.61],[-62.07,-22.87],[-61.93,-23.06],[-61.8,-23.18],[-61.68,-23.27],[-61.57,-23.32],[-61.51,-23.36],[-61.5,-23.39],[-61.4,-23.46],[-61.21,-23.56],[-61.08,-23.66],[-61.03,-23.75],[-60.84,-23.86],[-60.5,-23.96],[-60.26,-24.01],[-60.11,-24.01],[-59.89,-24.09],[-59.61,-24.27],[-59.43,-24.39],[-59.37,-24.45],[-59.19,-24.56],[-58.73,-24.79],[-58.52,-24.84],[-58.42,-24.89],[-58.37,-24.96],[-58.31,-24.98],[-58.25,-24.95],[-58.14,-24.98],[-57.96,-25.05],[-57.82,-25.14],[-57.65,-25.33],[-57.59,-25.41],[-57.56,-25.47],[-57.57,-25.53],[-57.63,-25.6],[-57.72,-25.67],[-57.75,-25.7],[-57.76,-25.73],[-57.78,-25.78],[-57.87,-25.91],[-57.89,-25.96],[-57.89,-26.01],[-57.94,-26.05],[-58.08,-26.14],[-58.11,-26.18],[-58.12,-26.23],[-58.14,-26.25],[-58.15,-26.26],[-58.18,-26.31],[-58.2,-26.38],[-58.2,-26.48],[-58.19,-26.59],[-58.19,-26.63],[-58.22,-26.65],[-58.24,-26.68],[-58.25,-26.73],[-58.27,-26.77],[-58.32,-26.8],[-58.33,-26.82],[-58.32,-26.86],[-58.35,-26.89],[-58.44,-26.92],[-58.48,-26.97],[-58.5,-27.03],[-58.55,-27.08],[-58.62,-27.13],[-58.64,-27.2],[-58.6,-27.31],[-58.17,-27.27],[-57.81,-27.32],[-57.39,-27.43],[-57.11,-27.47],[-56.97,-27.44],[-56.87,-27.44],[-56.81,-27.49],[-56.72,-27.49],[-56.61,-27.47],[-56.51,-27.49],[-56.44,-27.55],[-56.37,-27.54],[-56.31,-27.44],[-56.24,-27.37],[-56.16,-27.32],[-56.07,-27.31],[-55.95,-27.33],[-55.86,-27.36],[-55.79,-27.42],[-55.72,-27.41],[-55.63,-27.36],[-55.59,-27.29],[-55.6,-27.21],[-55.56,-27.15],[-55.5,-27.12],[-55.45,-27.07],[-55.43,-27.01],[-55.35,-26.97],[-55.21,-26.96],[-55.14,-26.93],[-55.13,-26.89],[-55.09,-26.84],[-55.01,-26.81],[-54.96,-26.76],[-54.93,-26.7],[-54.89,-26.67],[-54.83,-26.65],[-54.75,-26.53],[-54.68,-26.31],[-54.63,-26.01],[-54.61,-25.58],[-54.54,-25.58],[-54.5,-25.61],[-54.45,-25.62],[-54.38,-25.59],[-54.33,-25.57],[-54.25,-25.57],[-54.21,-25.53],[-54.15,-25.52],[-54.12,-25.54],[-54.09,-25.57],[-54.01,-25.58],[-53.96,-25.65],[-53.89,-25.67],[-53.87,-25.75],[-53.82,-25.96],[-53.75,-26.08],[-53.67,-26.23],[-53.67,-26.29],[-53.71,-26.35],[-53.72,-26.44],[-53.74,-26.67],[-53.75,-26.75],[-53.73,-26.81],[-53.72,-26.88],[-53.76,-26.98],[-53.84,-27.12],[-53.92,-27.16],[-53.93,-27.16],[-54.04,-27.24],[-54.11,-27.28],[-54.16,-27.25],[-54.2,-27.29],[-54.26,-27.38],[-54.33,-27.42],[-54.45,-27.45],[-54.48,-27.46],[-54.55,-27.45],[-54.61,-27.48],[-54.66,-27.53],[-54.72,-27.54],[-54.78,-27.53],[-54.83,-27.55],[-54.88,-27.6],[-54.9,-27.65],[-54.91,-27.71],[-54.96,-27.75],[-55.04,-27.77],[-55.07,-27.8],[-55.06,-27.84],[-55.1,-27.87],[-55.24,-27.9],[-55.35,-27.96],[-55.41,-28.04],[-55.48,-28.09],[-55.58,-28.12],[-55.73,-28.2],[-55.74,-28.26],[-55.69,-28.3],[-55.67,-28.34],[-55.69,-28.38],[-55.73,-28.39],[-55.81,-28.36],[-55.86,-28.35],[-55.89,-28.37],[-55.91,-28.4],[-55.9,-28.44],[-55.93,-28.47],[-55.99,-28.49],[-56.02,-28.53],[-56.03,-28.58],[-56.1,-28.65],[-56.23,-28.74],[-56.32,-28.85],[-56.39,-29.0],[-56.48,-29.09],[-56.57,-29.14],[-56.64,-29.2],[-56.67,-29.29],[-56.77,-29.42],[-56.94,-29.59],[-57.09,-29.72],[-57.22,-29.78],[-57.3,-29.86],[-57.32,-29.94],[-57.4,-30.03],[-57.56,-30.14],[-57.61,-30.19]]],[[[-68.65,-54.85],[-68.65,-54.63],[-68.64,-54.32],[-68.64,-54.05],[-68.64,-53.79],[-68.64,-53.52],[-68.63,-53.24],[-68.63,-52.95],[-68.63,-52.65],[-68.57,-52.7],[-68.34,-52.9],[-68.28,-52.98],[-68.24,-53.08],[-68.33,-53.02],[-68.43,-53.06],[-68.48,-53.11],[-68.52,-53.18],[-68.52,-53.22],[-68.49,-53.26],[-68.39,-53.29],[-68.16,-53.31],[-68.14,-53.32],[-68.01,-53.56],[-67.94,-53.62],[-67.86,-53.66],[-67.68,-53.79],[-67.5,-53.92],[-67.29,-54.05],[-67.07,-54.15],[-66.87,-54.22],[-66.67,-54.31],[-66.46,-54.44],[-66.24,-54.53],[-65.99,-54.6],[-65.75,-54.65],[-65.37,-54.63],[-65.25,-54.64],[-65.18,-54.68],[-65.25,-54.79],[-65.35,-54.88],[-65.47,-54.91],[-65.6,-54.93],[-65.72,-54.93],[-65.84,-54.91],[-65.95,-54.92],[-66.06,-54.96],[-66.17,-54.98],[-66.29,-54.98],[-66.4,-55.01],[-66.51,-55.03],[-66.63,-55.01],[-66.93,-54.92],[-67.13,-54.9],[-67.79,-54.87],[-68.01,-54.85],[-68.22,-54.82],[-68.33,-54.82],[-68.49,-54.84],[-68.62,-54.83],[-68.65,-54.85]]],[[[-64.55,-54.72],[-64.44,-54.74],[-64.22,-54.72],[-64.1,-54.72],[-64.05,-54.73],[-64.03,-54.74],[-63.88,-54.72],[-63.82,-54.73],[-63.83,-54.77],[-63.97,-54.81],[-64.03,-54.79],[-64.32,-54.8],[-64.45,-54.84],[-64.51,-54.84],[-64.64,-54.9],[-64.73,-54.86],[-64.76,-54.83],[-64.69,-54.78],[-64.63,-54.77],[-64.58,-54.75],[-64.55,-54.72]]],[[[-61.88,-39.17],[-61.86,-39.23],[-61.92,-39.23],[-62.04,-39.17],[-62.08,-39.11],[-62.09,-39.09],[-61.97,-39.11],[-61.91,-39.14],[-61.88,-39.17]]]]}},{"type":"Feature","properties":{"name":"Antigua and Barb."},"geometry":{"type":"MultiPolygon","coordinates":[[[[-61.72,17.04],[-61.75,17.0],[-61.86,17.01],[-61.88,17.06],[-61.89,17.1],[-61.82,17.17],[-61.74,17.14],[-61.71,17.11],[-61.68,17.1],[-61.68,17.07],[-61.7,17.05],[-61.72,17.04]]],[[[-61.75,17.57],[-61.76,17.55],[-61.84,17.6],[-61.87,17.69],[-61.86,17.7],[-61.85,17.71],[-61.82,17.7],[-61.78,17.69],[-61.75,17.66],[-61.75,17.57]]]]}},{"type":"Feature","properties":{"name":"Sint Maarten"},"geometry":{"type":"Polygon","coordinates":[[[-63.12,18.07],[-63.01,18.07],[-63.01,18.04],[-63.02,18.02],[-63.09,18.04],[-63.12,18.06],[-63.12,18.07]]]}}]}